priority,company,contact_url,phone,subject,message,phone_opener,source_url
8,Noble Public Adjusting Group,https://noblepagroup.com/locations/la/,504-420-3466,hurricane file brief?,"I saw Noble's Louisiana page focuses on catastrophic hurricane and large fire losses.

I am testing ClaimBrief, a document-review tool for licensed claim professionals. It turns a policy, denial letter, estimates, and correspondence into a cited claim brief: denial reasons, policy provisions, missing evidence, and draft response outline.

No carrier contact, no legal advice, no homeowner-facing promises. Sample format: https://app.anaya.legal/samples/claimbrief-sample-review.html

Could I create one free sample from an old closed or redacted claim packet?","Hi, I am calling about a tiny document-review tool for public adjusters. I saw Noble Public Adjusting Group handles large fire losses; catastrophic hurricane claims; denied claims. The simple version: send one old redacted claim packet, and I return a cited brief with denial reasons, policy language, missing evidence, and a response outline. Who reviews carrier letters or policy language before a response goes out?",https://noblepagroup.com/locations/la/
9,Abba Claims Consultants,https://www.abbaclaims.com/public-adjuster-texas/,(888) 908-2042,denied claim brief?,"I saw Abba handles fire, hail, wind, water leak, and denied/underpaid claims.

I am testing ClaimBrief, a document-review tool for licensed claim professionals. It turns a policy, denial letter, estimates, and correspondence into a cited claim brief: denial reasons, policy provisions, missing evidence, and draft response outline.

No carrier contact, no legal advice, no homeowner-facing promises. Sample format: https://app.anaya.legal/samples/claimbrief-sample-review.html

Could I create one free sample from an old closed or redacted claim packet?","Hi, I am calling about a tiny document-review tool for public adjusters. I saw Abba Claims Consultants handles fire; hail; wind; water leak; denied or underpaid claims. The simple version: send one old redacted claim packet, and I return a cited brief with denial reasons, policy language, missing evidence, and a response outline. Who reviews carrier letters or policy language before a response goes out?",https://www.abbaclaims.com/public-adjuster-texas/
10,Experienced Public Adjusters,https://experiencedpublicadjusters.com/contact-us/,(888) 881-8416,disputed claim brief?,"I saw Experienced Public Adjusters explicitly reviews delayed, underpaid, denied, and disputed claims.

I am testing ClaimBrief, a document-review tool for licensed claim professionals. It turns a policy, denial letter, estimates, and correspondence into a cited claim brief: denial reasons, policy provisions, missing evidence, and draft response outline.

No carrier contact, no legal advice, no homeowner-facing promises. Sample format: https://app.anaya.legal/samples/claimbrief-sample-review.html

Could I create one free sample from an old closed or redacted claim packet?","Hi, I am calling about a tiny document-review tool for public adjusters. I saw Experienced Public Adjusters handles new, delayed, underpaid, denied, and disputed Florida claims. The simple version: send one old redacted claim packet, and I return a cited brief with denial reasons, policy language, missing evidence, and a response outline. Who reviews carrier letters or policy language before a response goes out?",https://experiencedpublicadjusters.com/contact-us/
11,Florida Public Adjusting,https://flapublicadjusting.com/,,denial file brief?,"I saw Florida Public Adjusting handles hurricane, water, fire, mold, and denied claims statewide.

I am testing ClaimBrief, a document-review tool for licensed claim professionals. It turns a policy, denial letter, estimates, and correspondence into a cited claim brief: denial reasons, policy provisions, missing evidence, and draft response outline.

No carrier contact, no legal advice, no homeowner-facing promises. Sample format: https://app.anaya.legal/samples/claimbrief-sample-review.html

Could I create one free sample from an old closed or redacted claim packet?","Hi, I am calling about a tiny document-review tool for public adjusters. I saw Florida Public Adjusting handles hurricane; water; fire; mold; denied claims. The simple version: send one old redacted claim packet, and I return a cited brief with denial reasons, policy language, missing evidence, and a response outline. Who reviews carrier letters or policy language before a response goes out?",https://flapublicadjusting.com/
12,Florida Loss Public Adjusters,https://floridaloss.com/,,claim docs brief?,"I saw Florida Loss describes a document-heavy team with adjusters, estimators, and project managers.

I am testing ClaimBrief, a document-review tool for licensed claim professionals. It turns a policy, denial letter, estimates, and correspondence into a cited claim brief: denial reasons, policy provisions, missing evidence, and draft response outline.

No carrier contact, no legal advice, no homeowner-facing promises. Sample format: https://app.anaya.legal/samples/claimbrief-sample-review.html

Could I create one free sample from an old closed or redacted claim packet?","Hi, I am calling about a tiny document-review tool for public adjusters. I saw Florida Loss Public Adjusters handles property-related claims; estimators; project managers; South Florida. The simple version: send one old redacted claim packet, and I return a cited brief with denial reasons, policy language, missing evidence, and a response outline. Who reviews carrier letters or policy language before a response goes out?",https://floridaloss.com/
13,Tutwiler & Associates Public Adjusters,https://publicadjuster.com/contact/,(813) 412-8357,large loss brief?,"I saw Tutwiler lists appraisals, mediation, hurricane/wind, large loss, and flood/water claims.

I am testing ClaimBrief, a document-review tool for licensed claim professionals. It turns a policy, denial letter, estimates, and correspondence into a cited claim brief: denial reasons, policy provisions, missing evidence, and draft response outline.

No carrier contact, no legal advice, no homeowner-facing promises. Sample format: https://app.anaya.legal/samples/claimbrief-sample-review.html

Could I create one free sample from an old closed or redacted claim packet?","Hi, I am calling about a tiny document-review tool for public adjusters. I saw Tutwiler & Associates Public Adjusters handles appraisal; mediation; hurricane/wind; large loss; flood/water. The simple version: send one old redacted claim packet, and I return a cited brief with denial reasons, policy language, missing evidence, and a response outline. Who reviews carrier letters or policy language before a response goes out?",https://publicadjuster.com/contact/
14,Insurance Claim Consultants,https://www.insuranceclaimconsultants.com/,(800) 572-7914,roof claim brief?,"I saw Insurance Claim Consultants handles roof, hurricane, water, wind, and hail claim types.

I am testing ClaimBrief, a document-review tool for licensed claim professionals. It turns a policy, denial letter, estimates, and correspondence into a cited claim brief: denial reasons, policy provisions, missing evidence, and draft response outline.

No carrier contact, no legal advice, no homeowner-facing promises. Sample format: https://app.anaya.legal/samples/claimbrief-sample-review.html

Could I create one free sample from an old closed or redacted claim packet?","Hi, I am calling about a tiny document-review tool for public adjusters. I saw Insurance Claim Consultants handles fire; flood; hail; hurricane; roof; tornado; water; wind claims. The simple version: send one old redacted claim packet, and I return a cited brief with denial reasons, policy language, missing evidence, and a response outline. Who reviews carrier letters or policy language before a response goes out?",https://www.insuranceclaimconsultants.com/
15,Global Patriot Adjusters,https://www.globalpatriotadjusters.com/new-orleans-la-public-insurance-adjusters,813-402-8895,Ida claim brief?,"I saw Global Patriot's New Orleans page focuses on Hurricane Ida, roof, wind, and flood claims.

I am testing ClaimBrief, a document-review tool for licensed claim professionals. It turns a policy, denial letter, estimates, and correspondence into a cited claim brief: denial reasons, policy provisions, missing evidence, and draft response outline.

No carrier contact, no legal advice, no homeowner-facing promises. Sample format: https://app.anaya.legal/samples/claimbrief-sample-review.html

Could I create one free sample from an old closed or redacted claim packet?","Hi, I am calling about a tiny document-review tool for public adjusters. I saw Global Patriot Adjusters handles Hurricane Ida; roof; wind; flood; commercial property claims. The simple version: send one old redacted claim packet, and I return a cited brief with denial reasons, policy language, missing evidence, and a response outline. Who reviews carrier letters or policy language before a response goes out?",https://www.globalpatriotadjusters.com/new-orleans-la-public-insurance-adjusters
16,AAA Public Adjusters,https://aaapublicadjusters.com/public-adjuster-lake-dequincy-louisiana/,1-800-410-5054,Laura claim brief?,"I saw AAA Public Adjusters mentions Hurricane Laura property claims in Louisiana.

I am testing ClaimBrief, a document-review tool for licensed claim professionals. It turns a policy, denial letter, estimates, and correspondence into a cited claim brief: denial reasons, policy provisions, missing evidence, and draft response outline.

No carrier contact, no legal advice, no homeowner-facing promises. Sample format: https://app.anaya.legal/samples/claimbrief-sample-review.html

Could I create one free sample from an old closed or redacted claim packet?","Hi, I am calling about a tiny document-review tool for public adjusters. I saw AAA Public Adjusters handles Hurricane Laura; Louisiana homeowner and business claims. The simple version: send one old redacted claim packet, and I return a cited brief with denial reasons, policy language, missing evidence, and a response outline. Who reviews carrier letters or policy language before a response goes out?",https://aaapublicadjusters.com/public-adjuster-lake-dequincy-louisiana/
17,Prime Adjustments,https://primeadjustments.com/colorado-public-adjuster/,,hail scope brief?,"I saw Prime Adjustments highlights Colorado hail and commercial roof hail claims.

I am testing ClaimBrief, a document-review tool for licensed claim professionals. It turns a policy, denial letter, estimates, and correspondence into a cited claim brief: denial reasons, policy provisions, missing evidence, and draft response outline.

No carrier contact, no legal advice, no homeowner-facing promises. Sample format: https://app.anaya.legal/samples/claimbrief-sample-review.html

Could I create one free sample from an old closed or redacted claim packet?","Hi, I am calling about a tiny document-review tool for public adjusters. I saw Prime Adjustments handles Colorado hail; fire; water; wind; ice dam; commercial roof hail. The simple version: send one old redacted claim packet, and I return a cited brief with denial reasons, policy language, missing evidence, and a response outline. Who reviews carrier letters or policy language before a response goes out?",https://primeadjustments.com/colorado-public-adjuster/
18,Gavnat,https://www.gavnat.com/location/texas/,,Texas hail brief?,"I saw Gavnat's Texas page calls out hail/wind events and commercial property claims.

I am testing ClaimBrief, a document-review tool for licensed claim professionals. It turns a policy, denial letter, estimates, and correspondence into a cited claim brief: denial reasons, policy provisions, missing evidence, and draft response outline.

No carrier contact, no legal advice, no homeowner-facing promises. Sample format: https://app.anaya.legal/samples/claimbrief-sample-review.html

Could I create one free sample from an old closed or redacted claim packet?","Hi, I am calling about a tiny document-review tool for public adjusters. I saw Gavnat handles Texas hail and wind; commercial and multi-property claims. The simple version: send one old redacted claim packet, and I return a cited brief with denial reasons, policy language, missing evidence, and a response outline. Who reviews carrier letters or policy language before a response goes out?",https://www.gavnat.com/location/texas/
19,Gavnat,https://www.gavnat.com/location/colorado/,,Colorado claim brief?,"I saw Gavnat's Colorado page highlights hail disputes, wildfire smoke, and water damage.

I am testing ClaimBrief, a document-review tool for licensed claim professionals. It turns a policy, denial letter, estimates, and correspondence into a cited claim brief: denial reasons, policy provisions, missing evidence, and draft response outline.

No carrier contact, no legal advice, no homeowner-facing promises. Sample format: https://app.anaya.legal/samples/claimbrief-sample-review.html

Could I create one free sample from an old closed or redacted claim packet?","Hi, I am calling about a tiny document-review tool for public adjusters. I saw Gavnat handles Colorado hail; fire; water; wildfire smoke; freeze-thaw damage. The simple version: send one old redacted claim packet, and I return a cited brief with denial reasons, policy language, missing evidence, and a response outline. Who reviews carrier letters or policy language before a response goes out?",https://www.gavnat.com/location/colorado/
20,Adjusters International / GGG,https://www.ggg-ai.com/contact/areas-served/florida-public-adjuster/,,hurricane scope brief?,"I saw your Florida page focuses on hurricane damage and documenting the full scope.

I am testing ClaimBrief, a document-review tool for licensed claim professionals. It turns a policy, denial letter, estimates, and correspondence into a cited claim brief: denial reasons, policy provisions, missing evidence, and draft response outline.

No carrier contact, no legal advice, no homeowner-facing promises. Sample format: https://app.anaya.legal/samples/claimbrief-sample-review.html

Could I create one free sample from an old closed or redacted claim packet?","Hi, I am calling about a tiny document-review tool for public adjusters. I saw Adjusters International / GGG handles Florida hurricane damage; documenting full scope of damage. The simple version: send one old redacted claim packet, and I return a cited brief with denial reasons, policy language, missing evidence, and a response outline. Who reviews carrier letters or policy language before a response goes out?",https://www.ggg-ai.com/contact/areas-served/florida-public-adjuster/
21,AIM / Adjusters International,https://www.aimbc.com/contact/areas-served/colorado-public-adjuster/,,hail damage brief?,"I saw AIM's Colorado page discusses hail damage to roofs and siding.

I am testing ClaimBrief, a document-review tool for licensed claim professionals. It turns a policy, denial letter, estimates, and correspondence into a cited claim brief: denial reasons, policy provisions, missing evidence, and draft response outline.

No carrier contact, no legal advice, no homeowner-facing promises. Sample format: https://app.anaya.legal/samples/claimbrief-sample-review.html

Could I create one free sample from an old closed or redacted claim packet?","Hi, I am calling about a tiny document-review tool for public adjusters. I saw AIM / Adjusters International handles Colorado hail; fire; commercial and homeowner claims. The simple version: send one old redacted claim packet, and I return a cited brief with denial reasons, policy language, missing evidence, and a response outline. Who reviews carrier letters or policy language before a response goes out?",https://www.aimbc.com/contact/areas-served/colorado-public-adjuster/
22,Jansen / Adjusters International,https://www.jansenai.com/contact/areas-served/louisiana-public-adjuster/,,Louisiana brief?,"I saw Jansen's Louisiana page focuses on hurricane, flood, and New Orleans property claims.

I am testing ClaimBrief, a document-review tool for licensed claim professionals. It turns a policy, denial letter, estimates, and correspondence into a cited claim brief: denial reasons, policy provisions, missing evidence, and draft response outline.

No carrier contact, no legal advice, no homeowner-facing promises. Sample format: https://app.anaya.legal/samples/claimbrief-sample-review.html

Could I create one free sample from an old closed or redacted claim packet?","Hi, I am calling about a tiny document-review tool for public adjusters. I saw Jansen / Adjusters International handles Louisiana hurricane damage; flood; tornado; New Orleans claims. The simple version: send one old redacted claim packet, and I return a cited brief with denial reasons, policy language, missing evidence, and a response outline. Who reviews carrier letters or policy language before a response goes out?",https://www.jansenai.com/contact/areas-served/louisiana-public-adjuster/
24,Corbitt Public Adjusting,https://corbittpublicadjusting.com/states/louisiana,,storm claim brief?,"I saw Corbitt's Louisiana page focuses on hurricane, flood, and storm claims.

I am testing ClaimBrief, a document-review tool for licensed claim professionals. It turns a policy, denial letter, estimates, and correspondence into a cited claim brief: denial reasons, policy provisions, missing evidence, and draft response outline.

No carrier contact, no legal advice, no homeowner-facing promises. Sample format: https://app.anaya.legal/samples/claimbrief-sample-review.html

Could I create one free sample from an old closed or redacted claim packet?","Hi, I am calling about a tiny document-review tool for public adjusters. I saw Corbitt Public Adjusting handles Louisiana hurricane; flood; storm claims. The simple version: send one old redacted claim packet, and I return a cited brief with denial reasons, policy language, missing evidence, and a response outline. Who reviews carrier letters or policy language before a response goes out?",https://corbittpublicadjusting.com/states/louisiana
25,Cordo Claims Group,https://cordoclaims.com/florida-hurricane-public-adjuster/,877-55-CORDO,Milton file brief?,"I saw Cordo's Florida page discusses Hurricane Helene and Milton claim damage.

I am testing ClaimBrief, a document-review tool for licensed claim professionals. It turns a policy, denial letter, estimates, and correspondence into a cited claim brief: denial reasons, policy provisions, missing evidence, and draft response outline.

No carrier contact, no legal advice, no homeowner-facing promises. Sample format: https://app.anaya.legal/samples/claimbrief-sample-review.html

Could I create one free sample from an old closed or redacted claim packet?","Hi, I am calling about a tiny document-review tool for public adjusters. I saw Cordo Claims Group handles Florida hurricane claims; Helene and Milton damage. The simple version: send one old redacted claim packet, and I return a cited brief with denial reasons, policy language, missing evidence, and a response outline. Who reviews carrier letters or policy language before a response goes out?",https://cordoclaims.com/florida-hurricane-public-adjuster/
26,Liberty Insurance Adjusters,https://www.libertyinsuranceadjusters.com/blog/texas-hail-claims,,Texas hail brief?,"I saw Liberty's Texas hail guide emphasizes public-adjuster help and proof-of-loss steps.

I am testing ClaimBrief, a document-review tool for licensed claim professionals. It turns a policy, denial letter, estimates, and correspondence into a cited claim brief: denial reasons, policy provisions, missing evidence, and draft response outline.

No carrier contact, no legal advice, no homeowner-facing promises. Sample format: https://app.anaya.legal/samples/claimbrief-sample-review.html

Could I create one free sample from an old closed or redacted claim packet?","Hi, I am calling about a tiny document-review tool for public adjusters. I saw Liberty Insurance Adjusters handles Texas hail claims; proof of loss; claim FAQs. The simple version: send one old redacted claim packet, and I return a cited brief with denial reasons, policy language, missing evidence, and a response outline. Who reviews carrier letters or policy language before a response goes out?",https://www.libertyinsuranceadjusters.com/blog/texas-hail-claims
27,C3 Group,https://www.c3adjusters.com/dfw-hailstorm-2023/,,DFW hail brief?,"I saw C3's DFW hail page discusses detailed claims packages and carrier red flags.

I am testing ClaimBrief, a document-review tool for licensed claim professionals. It turns a policy, denial letter, estimates, and correspondence into a cited claim brief: denial reasons, policy provisions, missing evidence, and draft response outline.

No carrier contact, no legal advice, no homeowner-facing promises. Sample format: https://app.anaya.legal/samples/claimbrief-sample-review.html

Could I create one free sample from an old closed or redacted claim packet?","Hi, I am calling about a tiny document-review tool for public adjusters. I saw C3 Group handles commercial property; DFW hail; red flags; estimates and claims package. The simple version: send one old redacted claim packet, and I return a cited brief with denial reasons, policy language, missing evidence, and a response outline. Who reviews carrier letters or policy language before a response goes out?",https://www.c3adjusters.com/dfw-hailstorm-2023/
28,Empire Public Adjusters,https://empirepublicadjusters.com/service-areas/colorado-hail-damage/,,Colorado hail brief?,"I saw Empire's Colorado page lists storm, hail, water, roof, and vandalism claims.

I am testing ClaimBrief, a document-review tool for licensed claim professionals. It turns a policy, denial letter, estimates, and correspondence into a cited claim brief: denial reasons, policy provisions, missing evidence, and draft response outline.

No carrier contact, no legal advice, no homeowner-facing promises. Sample format: https://app.anaya.legal/samples/claimbrief-sample-review.html

Could I create one free sample from an old closed or redacted claim packet?","Hi, I am calling about a tiny document-review tool for public adjusters. I saw Empire Public Adjusters handles Colorado hail; storm; water; roof; vandalism claims. The simple version: send one old redacted claim packet, and I return a cited brief with denial reasons, policy language, missing evidence, and a response outline. Who reviews carrier letters or policy language before a response goes out?",https://empirepublicadjusters.com/service-areas/colorado-hail-damage/
29,Apex Adjusting Group,https://www.apexadjustinggroup.com/locations/denver-public-adjusters,,Denver claim brief?,"I saw Apex handles both residential and commercial property damage claims around Denver.

I am testing ClaimBrief, a document-review tool for licensed claim professionals. It turns a policy, denial letter, estimates, and correspondence into a cited claim brief: denial reasons, policy provisions, missing evidence, and draft response outline.

No carrier contact, no legal advice, no homeowner-facing promises. Sample format: https://app.anaya.legal/samples/claimbrief-sample-review.html

Could I create one free sample from an old closed or redacted claim packet?","Hi, I am calling about a tiny document-review tool for public adjusters. I saw Apex Adjusting Group handles Denver residential and commercial property damage claims. The simple version: send one old redacted claim packet, and I return a cited brief with denial reasons, policy language, missing evidence, and a response outline. Who reviews carrier letters or policy language before a response goes out?",https://www.apexadjustinggroup.com/locations/denver-public-adjusters
31,South Wind Public Adjusters,https://southwindpa.com/,1-866-979-4631,denied claim brief?,"I saw South Wind's intake form covers hail, hurricane, tornado, denied, and underpaid claims.

I am testing ClaimBrief, a document-review tool for licensed claim professionals. It turns a policy, denial letter, estimates, and correspondence into a cited claim brief: denial reasons, policy provisions, missing evidence, and draft response outline.

No carrier contact, no legal advice, no homeowner-facing promises. Sample format: https://app.anaya.legal/samples/claimbrief-sample-review.html

Could I create one free sample from an old closed or redacted claim packet?","Hi, I am calling about a tiny document-review tool for public adjusters. I saw South Wind Public Adjusters handles commercial and residential claims; hail; hurricane; tornado; denied and underpaid claims. The simple version: send one old redacted claim packet, and I return a cited brief with denial reasons, policy language, missing evidence, and a response outline. Who reviews carrier letters or policy language before a response goes out?",https://southwindpa.com/
32,Texas Public Adjusting,https://texaspublicadjusting.net/,,Texas denial brief?,"I saw Texas Public Adjusting lists multiple denied wind and hail claim results.

I am testing ClaimBrief, a document-review tool for licensed claim professionals. It turns a policy, denial letter, estimates, and correspondence into a cited claim brief: denial reasons, policy provisions, missing evidence, and draft response outline.

No carrier contact, no legal advice, no homeowner-facing promises. Sample format: https://app.anaya.legal/samples/claimbrief-sample-review.html

Could I create one free sample from an old closed or redacted claim packet?","Hi, I am calling about a tiny document-review tool for public adjusters. I saw Texas Public Adjusting handles denied wind and hail claims; water; fire; frozen pipe; Dallas/Texas claims. The simple version: send one old redacted claim packet, and I return a cited brief with denial reasons, policy language, missing evidence, and a response outline. Who reviews carrier letters or policy language before a response goes out?",https://texaspublicadjusting.net/
34,Florida's Best Public Adjusters,https://www.flbestpublicadjusters.com/contact/,(813) 895-3149,Milton claim brief?,"I saw Florida's Best discusses denied and underpaid Hurricane Milton claims in Tampa.

I am testing ClaimBrief, a document-review tool for licensed claim professionals. It turns a policy, denial letter, estimates, and correspondence into a cited claim brief: denial reasons, policy provisions, missing evidence, and draft response outline.

No carrier contact, no legal advice, no homeowner-facing promises. Sample format: https://app.anaya.legal/samples/claimbrief-sample-review.html

Could I create one free sample from an old closed or redacted claim packet?","Hi, I am calling about a tiny document-review tool for public adjusters. I saw Florida's Best Public Adjusters handles Tampa public adjuster; Hurricane Milton; denied and underpaid claims. The simple version: send one old redacted claim packet, and I return a cited brief with denial reasons, policy language, missing evidence, and a response outline. Who reviews carrier letters or policy language before a response goes out?",https://www.flbestpublicadjusters.com/public-adjuster-tampa/
35,Altieri Insurance Consultants,https://altieriinsuranceconsultants.com/contact/,,denied file brief?,"I saw Altieri writes about reviewing denied claims and spotting insurer mistakes.

I am testing ClaimBrief, a document-review tool for licensed claim professionals. It turns a policy, denial letter, estimates, and correspondence into a cited claim brief: denial reasons, policy provisions, missing evidence, and draft response outline.

No carrier contact, no legal advice, no homeowner-facing promises. Sample format: https://app.anaya.legal/samples/claimbrief-sample-review.html

Could I create one free sample from an old closed or redacted claim packet?","Hi, I am calling about a tiny document-review tool for public adjusters. I saw Altieri Insurance Consultants handles denied claim review; policy review; Florida public adjusting. The simple version: send one old redacted claim packet, and I return a cited brief with denial reasons, policy language, missing evidence, and a response outline. Who reviews carrier letters or policy language before a response goes out?",https://altieriinsuranceconsultants.com/is-it-smart-to-hire-a-public-adjuster-after-a-claim-has-already-been-denied/
36,Right Way Public Adjusters,https://rightwaypa.com/denied-claims/,(877) 744-8929,denial appeal brief?,"I saw Right Way's denied-claims page focuses on appeal support and evidence submission.

I am testing ClaimBrief, a document-review tool for licensed claim professionals. It turns a policy, denial letter, estimates, and correspondence into a cited claim brief: denial reasons, policy provisions, missing evidence, and draft response outline.

No carrier contact, no legal advice, no homeowner-facing promises. Sample format: https://app.anaya.legal/samples/claimbrief-sample-review.html

Could I create one free sample from an old closed or redacted claim packet?","Hi, I am calling about a tiny document-review tool for public adjusters. I saw Right Way Public Adjusters handles denied and underpaid claims; hurricane; roof; water; business interruption. The simple version: send one old redacted claim packet, and I return a cited brief with denial reasons, policy language, missing evidence, and a response outline. Who reviews carrier letters or policy language before a response goes out?",https://rightwaypa.com/denied-claims/
38,Public Insurance Adjusters of Colorado,https://publicinsuranceadjustersofcolorado.com/contact/,866.919.1962,Colorado source brief?,"I saw PIAC lists wind/hail, roofing, commercial, HOA, and multifamily claim types.

I am testing ClaimBrief, a document-review tool for licensed claim professionals. It turns a policy, denial letter, estimates, and correspondence into a cited claim brief: denial reasons, policy provisions, missing evidence, and draft response outline.

No carrier contact, no legal advice, no homeowner-facing promises. Sample format: https://app.anaya.legal/samples/claimbrief-sample-review.html

Could I create one free sample from an old closed or redacted claim packet?","Hi, I am calling about a tiny document-review tool for public adjusters. I saw Public Insurance Adjusters of Colorado handles wind and hail; fire; water; roofing; commercial; HOA; multifamily claims. The simple version: send one old redacted claim packet, and I return a cited brief with denial reasons, policy language, missing evidence, and a response outline. Who reviews carrier letters or policy language before a response goes out?",https://publicinsuranceadjustersofcolorado.com/co-claims/
41,Insurance Claim Recovery Support,https://insuranceclaimrecoverysupport.com/,,large-loss packet?,"I saw ICRS focuses on commercial and multifamily large-loss claim documentation.

I am testing ClaimBrief, a document-review tool for licensed claim professionals. It turns a policy, denial letter, estimates, and correspondence into a cited claim brief: denial reasons, policy provisions, missing evidence, and draft response outline.

No carrier contact, no legal advice, no homeowner-facing promises. Sample format: https://app.anaya.legal/samples/claimbrief-sample-review.html

Could I create one free sample from an old closed or redacted claim packet?","Hi, I am calling about a tiny document-review tool for public adjusters. I saw Insurance Claim Recovery Support handles large-loss commercial, multifamily, hail, fire, wind, hurricane, business interruption. The simple version: send one old redacted claim packet, and I return a cited brief with denial reasons, policy language, missing evidence, and a response outline. Who reviews carrier letters or policy language before a response goes out?",https://insuranceclaimrecoverysupport.com/
43,Adjust Up Claims,https://adjustupclaims.com/,(305) 574-9139,property claim brief?,"I saw Adjust Up Claims handles all types of Florida insurance property claims.

I am testing ClaimBrief, a document-review tool for licensed claim professionals. It turns a policy, denial letter, estimates, and correspondence into a cited claim brief: denial reasons, policy provisions, missing evidence, and draft response outline.

No carrier contact, no legal advice, no homeowner-facing promises. Sample format: https://app.anaya.legal/samples/claimbrief-sample-review.html

Could I create one free sample from an old closed or redacted claim packet?","Hi, I am calling about a tiny document-review tool for public adjusters. I saw Adjust Up Claims handles Florida public adjuster; fire, hurricane, and insurance property claims. The simple version: send one old redacted claim packet, and I return a cited brief with denial reasons, policy language, missing evidence, and a response outline. Who reviews carrier letters or policy language before a response goes out?",https://adjustupclaims.com/
44,FCS Public Adjusters,https://www.fcspublicadjuster.com/,,denied scope brief?,"I saw FCS targets denied, water, roof, hurricane, windstorm, and hail claims.

I am testing ClaimBrief, a document-review tool for licensed claim professionals. It turns a policy, denial letter, estimates, and correspondence into a cited claim brief: denial reasons, policy provisions, missing evidence, and draft response outline.

No carrier contact, no legal advice, no homeowner-facing promises. Sample format: https://app.anaya.legal/samples/claimbrief-sample-review.html

Could I create one free sample from an old closed or redacted claim packet?","Hi, I am calling about a tiny document-review tool for public adjusters. I saw FCS Public Adjusters handles denied claims; flood; water leak; mold; roof leak; hurricane; windstorm; hail. The simple version: send one old redacted claim packet, and I return a cited brief with denial reasons, policy language, missing evidence, and a response outline. Who reviews carrier letters or policy language before a response goes out?",https://www.fcspublicadjuster.com/
45,Ademar Adjusters,https://ademarpublicadjustersflorida.com/miami-public-adjusters/,,Miami claim brief?,"I saw Ademar's Miami page discusses undervalued settlements, denied claims, and hurricane claims.

I am testing ClaimBrief, a document-review tool for licensed claim professionals. It turns a policy, denial letter, estimates, and correspondence into a cited claim brief: denial reasons, policy provisions, missing evidence, and draft response outline.

No carrier contact, no legal advice, no homeowner-facing promises. Sample format: https://app.anaya.legal/samples/claimbrief-sample-review.html

Could I create one free sample from an old closed or redacted claim packet?","Hi, I am calling about a tiny document-review tool for public adjusters. I saw Ademar Adjusters handles Miami public adjusters; denied or undervalued claims; hurricane; construction estimates. The simple version: send one old redacted claim packet, and I return a cited brief with denial reasons, policy language, missing evidence, and a response outline. Who reviews carrier letters or policy language before a response goes out?",https://ademarpublicadjustersflorida.com/miami-public-adjusters/
47,YPA Public Adjusters,https://www.ypapublicadjusters.com/texas/,(682) 267-0336,Texas claim review brief?,"I saw YPA's Texas page says you help after low settlement offers, denied claims, and complex storm damage.

I am testing ClaimBrief, a document-review tool for licensed claim professionals. It turns a policy, denial letter, estimates, and correspondence into a cited claim brief: denial reasons, policy provisions, missing evidence, and draft response outline.

No carrier contact, no legal advice, no homeowner-facing promises. Sample format: https://app.anaya.legal/samples/claimbrief-sample-review.html

Could I create one free sample from an old closed or redacted claim packet?","Hi, I am calling about a tiny document-review tool for public adjusters. I saw YPA Public Adjusters handles Texas hurricane, flood, fire, hail, wind, roof, underpaid, and denied claim appeals. The simple version: send one old redacted claim packet, and I return a cited brief with denial reasons, policy language, missing evidence, and a response outline. Who reviews carrier letters or policy language before a response goes out?",https://www.ypapublicadjusters.com/texas/
52,Claim Warriors,https://www.claimwarriors.com/service-areas/colorado-public-adjuster,888-884-7050,Colorado payout brief?,"I saw Claim Warriors lists Colorado hail, fire, flood, windstorm, water, mold, business interruption, and initial-offer disputes.

I am testing ClaimBrief, a document-review tool for licensed claim professionals. It turns a policy, denial letter, estimates, and correspondence into a cited claim brief: denial reasons, policy provisions, missing evidence, and draft response outline.

No carrier contact, no legal advice, no homeowner-facing promises. Sample format: https://app.anaya.legal/samples/claimbrief-sample-review.html

Could I create one free sample from an old closed or redacted claim packet?","Hi, I am calling about a tiny document-review tool for public adjusters. I saw Claim Warriors handles Colorado public adjusters; hail, fire, flood, hurricane, windstorm, water, mold, business interruption; denied initial offers. The simple version: send one old redacted claim packet, and I return a cited brief with denial reasons, policy language, missing evidence, and a response outline. Who reviews carrier letters or policy language before a response goes out?",https://www.claimwarriors.com/service-areas/colorado-public-adjuster
53,Allclaims Pro,https://allclaimspro.com/,(540) 252-6623,multi-state claim brief?,"I saw Allclaims Pro serves multiple states and asks prospects to upload policies, claim documents, photos, damage type, and insurance company details.

I am testing ClaimBrief, a document-review tool for licensed claim professionals. It turns a policy, denial letter, estimates, and correspondence into a cited claim brief: denial reasons, policy provisions, missing evidence, and draft response outline.

No carrier contact, no legal advice, no homeowner-facing promises. Sample format: https://app.anaya.legal/samples/claimbrief-sample-review.html

Could I create one free sample from an old closed or redacted claim packet?","Hi, I am calling about a tiny document-review tool for public adjusters. I saw Allclaims Pro handles multi-state public adjusting; fire, water, hail, wind, hurricane, tree, and storm damage; policy review and claim document uploads. The simple version: send one old redacted claim packet, and I return a cited brief with denial reasons, policy language, missing evidence, and a response outline. Who reviews carrier letters or policy language before a response goes out?",https://allclaimspro.com/
54,Eagle Public Adjusting Group,https://www.eaglepublicadjustinggroup.com/contact/,,free review brief?,"I saw Eagle Public Adjusting Group offers free claim review and property inspection for Florida property owners.

I am testing ClaimBrief, a document-review tool for licensed claim professionals. It turns a policy, denial letter, estimates, and correspondence into a cited claim brief: denial reasons, policy provisions, missing evidence, and draft response outline.

No carrier contact, no legal advice, no homeowner-facing promises. Sample format: https://app.anaya.legal/samples/claimbrief-sample-review.html

Could I create one free sample from an old closed or redacted claim packet?","Hi, I am calling about a tiny document-review tool for public adjusters. I saw Eagle Public Adjusting Group handles Florida and Wisconsin public adjusters; hurricane, fire, water, vandalism; residential and commercial. The simple version: send one old redacted claim packet, and I return a cited brief with denial reasons, policy language, missing evidence, and a response outline. Who reviews carrier letters or policy language before a response goes out?",https://www.eaglepublicadjustinggroup.com/contact/