priority,company,to,subject,body,follow_up_subject,follow_up_body,source_url
1,Palco Claims,claims@palcoclaims.com,quick claim brief?,"Hi Palco team,

I saw Palco handles commercial roofs, hail, fire, and water losses across multiple states.

I am testing ClaimBrief, a small tool that turns claim documents into a cited review brief for licensed claim professionals.

It reads the policy, denial letter, carrier estimate, contractor estimate, and correspondence, then outputs:

- denial reasons in the carrier's own wording
- policy provisions and exclusions mentioned
- missing evidence checklist
- draft response outline for human review

No carrier contact, no legal advice, no homeowner-facing promises. Just document review speed.

If you send one old closed or redacted claim packet, I will return a sample ClaimBrief in 24 hours. If it is useless, tell me and I will not follow up.

Sample format: https://app.anaya.legal/samples/claimbrief-sample-review.html

Worth trying on one file?

Sandy",not a CRM,"Hi Palco team,

Quick clarification: I am not selling another claims CRM.

This is just a ""brief this messy file"" tool for policies, denial letters, estimates, and adjuster correspondence.

The output is a PDF/Markdown review packet your team can edit or ignore.

I can do one free sample from a closed/redacted file. Want me to show you what it looks like?

Sample format: https://app.anaya.legal/samples/claimbrief-sample-review.html

Sandy",https://palcoclaims.com/
2,DCS PIA,claims@dcspia.com,hail claim brief?,"Hi DCS PIA team,

I saw your San Antonio page focuses on hail/flood damage and policy review for Texas claims.

I am testing ClaimBrief, a small tool that turns claim documents into a cited review brief for licensed claim professionals.

It reads the policy, denial letter, carrier estimate, contractor estimate, and correspondence, then outputs:

- denial reasons in the carrier's own wording
- policy provisions and exclusions mentioned
- missing evidence checklist
- draft response outline for human review

No carrier contact, no legal advice, no homeowner-facing promises. Just document review speed.

If you send one old closed or redacted claim packet, I will return a sample ClaimBrief in 24 hours. If it is useless, tell me and I will not follow up.

Sample format: https://app.anaya.legal/samples/claimbrief-sample-review.html

Worth trying on one file?

Sandy",not a CRM,"Hi DCS PIA team,

Quick clarification: I am not selling another claims CRM.

This is just a ""brief this messy file"" tool for policies, denial letters, estimates, and adjuster correspondence.

The output is a PDF/Markdown review packet your team can edit or ignore.

I can do one free sample from a closed/redacted file. Want me to show you what it looks like?

Sample format: https://app.anaya.legal/samples/claimbrief-sample-review.html

Sandy",https://www.dcspia.com/san-antonio-public-adjuster/
3,Ocean Point Claims,office@oceanpoint.claims,denial brief sample?,"Hi Ocean Point team,

I saw Ocean Point breaks out denied claims, low settlements, delays, and roof/hurricane claim workflows.

I am testing ClaimBrief, a small tool that turns claim documents into a cited review brief for licensed claim professionals.

It reads the policy, denial letter, carrier estimate, contractor estimate, and correspondence, then outputs:

- denial reasons in the carrier's own wording
- policy provisions and exclusions mentioned
- missing evidence checklist
- draft response outline for human review

No carrier contact, no legal advice, no homeowner-facing promises. Just document review speed.

If you send one old closed or redacted claim packet, I will return a sample ClaimBrief in 24 hours. If it is useless, tell me and I will not follow up.

Sample format: https://app.anaya.legal/samples/claimbrief-sample-review.html

Worth trying on one file?

Sandy",not a CRM,"Hi Ocean Point team,

Quick clarification: I am not selling another claims CRM.

This is just a ""brief this messy file"" tool for policies, denial letters, estimates, and adjuster correspondence.

The output is a PDF/Markdown review packet your team can edit or ignore.

I can do one free sample from a closed/redacted file. Want me to show you what it looks like?

Sample format: https://app.anaya.legal/samples/claimbrief-sample-review.html

Sandy",https://oceanpoint.claims/
4,InterCoastal Public Adjusters,claims@InterCoastalPA.com,brief from denial?,"Hi InterCoastal team,

I saw InterCoastal works on denied home, business, and HOA claim packets.

I am testing ClaimBrief, a small tool that turns claim documents into a cited review brief for licensed claim professionals.

It reads the policy, denial letter, carrier estimate, contractor estimate, and correspondence, then outputs:

- denial reasons in the carrier's own wording
- policy provisions and exclusions mentioned
- missing evidence checklist
- draft response outline for human review

No carrier contact, no legal advice, no homeowner-facing promises. Just document review speed.

If you send one old closed or redacted claim packet, I will return a sample ClaimBrief in 24 hours. If it is useless, tell me and I will not follow up.

Sample format: https://app.anaya.legal/samples/claimbrief-sample-review.html

Worth trying on one file?

Sandy",not a CRM,"Hi InterCoastal team,

Quick clarification: I am not selling another claims CRM.

This is just a ""brief this messy file"" tool for policies, denial letters, estimates, and adjuster correspondence.

The output is a PDF/Markdown review packet your team can edit or ignore.

I can do one free sample from a closed/redacted file. Want me to show you what it looks like?

Sample format: https://app.anaya.legal/samples/claimbrief-sample-review.html

Sandy",https://intercoastalpa.com/contact/texas/
5,Skyline Adjusters,claims@skylineadjusters.com,claim packet brief?,"Hi Skyline team,

I saw Skyline lists Dallas, Houston, and San Antonio public-adjuster offices.

I am testing ClaimBrief, a small tool that turns claim documents into a cited review brief for licensed claim professionals.

It reads the policy, denial letter, carrier estimate, contractor estimate, and correspondence, then outputs:

- denial reasons in the carrier's own wording
- policy provisions and exclusions mentioned
- missing evidence checklist
- draft response outline for human review

No carrier contact, no legal advice, no homeowner-facing promises. Just document review speed.

If you send one old closed or redacted claim packet, I will return a sample ClaimBrief in 24 hours. If it is useless, tell me and I will not follow up.

Sample format: https://app.anaya.legal/samples/claimbrief-sample-review.html

Worth trying on one file?

Sandy",not a CRM,"Hi Skyline team,

Quick clarification: I am not selling another claims CRM.

This is just a ""brief this messy file"" tool for policies, denial letters, estimates, and adjuster correspondence.

The output is a PDF/Markdown review packet your team can edit or ignore.

I can do one free sample from a closed/redacted file. Want me to show you what it looks like?

Sample format: https://app.anaya.legal/samples/claimbrief-sample-review.html

Sandy",https://skylineadjusters.com/find-public-adjuster/texas/
6,Skipton Claims Management,Office@skiptoninc.com,hail file brief?,"Hi Skipton Claims Management team,

I saw Skipton's Colorado page highlights hail damage and commercial-loss claim help.

I am testing ClaimBrief, a small tool that turns claim documents into a cited review brief for licensed claim professionals.

It reads the policy, denial letter, carrier estimate, contractor estimate, and correspondence, then outputs:

- denial reasons in the carrier's own wording
- policy provisions and exclusions mentioned
- missing evidence checklist
- draft response outline for human review

No carrier contact, no legal advice, no homeowner-facing promises. Just document review speed.

If you send one old closed or redacted claim packet, I will return a sample ClaimBrief in 24 hours. If it is useless, tell me and I will not follow up.

Sample format: https://app.anaya.legal/samples/claimbrief-sample-review.html

Worth trying on one file?

Sandy",not a CRM,"Hi Skipton Claims Management team,

Quick clarification: I am not selling another claims CRM.

This is just a ""brief this messy file"" tool for policies, denial letters, estimates, and adjuster correspondence.

The output is a PDF/Markdown review packet your team can edit or ignore.

I can do one free sample from a closed/redacted file. Want me to show you what it looks like?

Sample format: https://app.anaya.legal/samples/claimbrief-sample-review.html

Sandy",https://skiptoninc.com/contact-locations/colorado-public-adjusters/
7,Your Public Adjuster,info@YourPublicAdjuster.us,Ian claim brief?,"Hi Your Public Adjuster team,

I saw Your Public Adjuster discusses Hurricane Ian, wind attribution, and commercial claims.

I am testing ClaimBrief, a small tool that turns claim documents into a cited review brief for licensed claim professionals.

It reads the policy, denial letter, carrier estimate, contractor estimate, and correspondence, then outputs:

- denial reasons in the carrier's own wording
- policy provisions and exclusions mentioned
- missing evidence checklist
- draft response outline for human review

No carrier contact, no legal advice, no homeowner-facing promises. Just document review speed.

If you send one old closed or redacted claim packet, I will return a sample ClaimBrief in 24 hours. If it is useless, tell me and I will not follow up.

Sample format: https://app.anaya.legal/samples/claimbrief-sample-review.html

Worth trying on one file?

Sandy",not a CRM,"Hi Your Public Adjuster team,

Quick clarification: I am not selling another claims CRM.

This is just a ""brief this messy file"" tool for policies, denial letters, estimates, and adjuster correspondence.

The output is a PDF/Markdown review packet your team can edit or ignore.

I can do one free sample from a closed/redacted file. Want me to show you what it looks like?

Sample format: https://app.anaya.legal/samples/claimbrief-sample-review.html

Sandy",https://yourpublicadjuster.us/locations/public-adjuster-fort-myers-fl/