priority,company,state_focus,website,contact_channel,contact_value,phone,observed_specialty,personalization_line,recommended_subject,first_line,status,source_url,evidence_note
1,Palco Claims,TX/OK/NV/CO,https://palcoclaims.com/,email,claims@palcoclaims.com,(512) 553-6432,"commercial roofs; hail; fire; water; residential and commercial claims","Your site emphasizes commercial roofs, hail, fire, and water losses.","quick claim brief?","I saw Palco handles commercial roofs, hail, fire, and water losses across multiple states.",not_contacted,https://palcoclaims.com/,"Site lists claims@palcoclaims.com and damage categories."
2,DCS PIA,TX/FL,https://www.dcspia.com/san-antonio-public-adjuster/,email,claims@dcspia.com,833-4UR-LOSS,"hail; flood; hurricane; fire; water; denied property claims","Your San Antonio page highlights hail, flood, and policy review.","hail claim brief?","I saw your San Antonio page focuses on hail/flood damage and policy review for Texas claims.",not_contacted,https://www.dcspia.com/san-antonio-public-adjuster/,"Site lists claims@dcspia.com and Texas/South Florida offices."
3,Ocean Point Claims,FL,https://oceanpoint.claims/,email,office@oceanpoint.claims,(888) 824-1306,"denied claims; low settlements; delayed claims; hurricane; roof; water; HOA/condo","Your site has clear playbooks for denials, low offers, and claim delays.","denial brief sample?","I saw Ocean Point breaks out denied claims, low settlements, delays, and roof/hurricane claim workflows.",not_contacted,https://oceanpoint.claims/,"Site lists office@oceanpoint.claims and claim playbooks."
4,InterCoastal Public Adjusters,TX/FL/GA/NC/SC,https://intercoastalpa.com/contact/texas/,email,claims@InterCoastalPA.com,877-689-4272,"denied home, business, and HOA claims","Your site mentions denied home, business, and HOA claims.","brief from denial?","I saw InterCoastal works on denied home, business, and HOA claim packets.",not_contacted,https://intercoastalpa.com/contact/texas/,"Contact page lists email, phone, and multiple licenses."
5,Skyline Adjusters,TX/LA/CO,https://skylineadjusters.com/find-public-adjuster/texas/,email,claims@skylineadjusters.com,1-800-590-7293,"Texas public adjuster offices; 24-hour claims assistance","Your site lists Texas offices and 24-hour claims assistance.","claim packet brief?","I saw Skyline lists Dallas, Houston, and San Antonio public-adjuster offices.",not_contacted,https://skylineadjusters.com/find-public-adjuster/texas/,"Site lists claims@skylineadjusters.com and Texas office phones."
6,Skipton Claims Management,CO/TX/FL,https://skiptoninc.com/contact-locations/colorado-public-adjusters/,email,Office@skiptoninc.com,877.992.7577,"Colorado licensed public adjusters; hail damage; commercial loss","Your Colorado page calls out hail damage and commercial loss.","hail file brief?","I saw Skipton's Colorado page highlights hail damage and commercial-loss claim help.",not_contacted,https://skiptoninc.com/contact-locations/colorado-public-adjusters/,"Contact page lists Office@skiptoninc.com and state offices."
7,Your Public Adjuster,FL,https://yourpublicadjuster.us/locations/public-adjuster-fort-myers-fl/,email,info@YourPublicAdjuster.us,866-668-1002,"Hurricane Ian; wind versus storm surge disputes; commercial claims","Your Fort Myers page discusses Hurricane Ian and wind/storm-surge disputes.","Ian claim brief?","I saw Your Public Adjuster discusses Hurricane Ian, wind attribution, and commercial claims.",not_contacted,https://yourpublicadjuster.us/locations/public-adjuster-fort-myers-fl/,"Search/page lists phone and email link; page discusses Fort Myers Hurricane Ian claims."
8,Noble Public Adjusting Group,LA/CO/FL,https://noblepagroup.com/locations/la/,contact_form,https://noblepagroup.com/locations/la/,504-420-3466,"large fire losses; catastrophic hurricane claims; denied claims","Your Louisiana page emphasizes large fire losses and hurricane claims.","hurricane file brief?","I saw Noble's Louisiana page focuses on catastrophic hurricane and large fire losses.",not_contacted,https://noblepagroup.com/locations/la/,"Page lists Louisiana phone and hurricane/fire positioning."
9,Abba Claims Consultants,TX,https://www.abbaclaims.com/public-adjuster-texas/,contact_form,https://www.abbaclaims.com/public-adjuster-texas/,(888) 908-2042,"fire; hail; wind; water leak; denied or underpaid claims","Your form asks whether a claim was denied or underpaid.","denied claim brief?","I saw Abba handles fire, hail, wind, water leak, and denied/underpaid claims.",not_contacted,https://www.abbaclaims.com/public-adjuster-texas/,"Page lists claim type form fields and phone."
10,Experienced Public Adjusters,FL,https://experiencedpublicadjusters.com/contact-us/,contact_form,https://experiencedpublicadjusters.com/contact-us/,(888) 881-8416,"new, delayed, underpaid, denied, and disputed Florida claims","Your site reviews new, delayed, underpaid, denied, and disputed claims.","disputed claim brief?","I saw Experienced Public Adjusters explicitly reviews delayed, underpaid, denied, and disputed claims.",not_contacted,https://experiencedpublicadjusters.com/contact-us/,"Contact page lists phone, claim categories, and form."
11,Florida Public Adjusting,FL,https://flapublicadjusting.com/,contact_form,https://flapublicadjusting.com/,,"hurricane; water; fire; mold; denied claims","Your site calls out denied claims across Florida.","denial file brief?","I saw Florida Public Adjusting handles hurricane, water, fire, mold, and denied claims statewide.",not_contacted,https://flapublicadjusting.com/,"Homepage highlights Florida-wide service and denied claim positioning."
12,Florida Loss Public Adjusters,FL,https://floridaloss.com/,contact_form,https://floridaloss.com/,,"property-related claims; estimators; project managers; South Florida","Your site mentions adjusters, estimators, IT, and project managers.","claim docs brief?","I saw Florida Loss describes a document-heavy team with adjusters, estimators, and project managers.",not_contacted,https://floridaloss.com/,"Homepage describes property claims and team composition."
13,Tutwiler & Associates Public Adjusters,FL,https://publicadjuster.com/contact/,contact_form,https://publicadjuster.com/contact/,(813) 412-8357,"appraisal; mediation; hurricane/wind; large loss; flood/water","Your contact page lists appraisals, mediation, hurricane, and large-loss claims.","large loss brief?","I saw Tutwiler lists appraisals, mediation, hurricane/wind, large loss, and flood/water claims.",not_contacted,https://publicadjuster.com/contact/,"Contact page lists phone and service categories."
14,Insurance Claim Consultants,FL,https://www.insuranceclaimconsultants.com/,contact_form,https://www.insuranceclaimconsultants.com/,(800) 572-7914,"fire; flood; hail; hurricane; roof; tornado; water; wind claims","Your intake form lists roof, hurricane, water, wind, and hail losses.","roof claim brief?","I saw Insurance Claim Consultants handles roof, hurricane, water, wind, and hail claim types.",not_contacted,https://www.insuranceclaimconsultants.com/,"Homepage intake form lists claim types and phone."
15,Global Patriot Adjusters,FL/LA,https://www.globalpatriotadjusters.com/new-orleans-la-public-insurance-adjusters,contact_form,https://www.globalpatriotadjusters.com/new-orleans-la-public-insurance-adjusters,813-402-8895,"Hurricane Ida; roof; wind; flood; commercial property claims","Your New Orleans page focuses on Hurricane Ida roof and wind claims.","Ida claim brief?","I saw Global Patriot's New Orleans page focuses on Hurricane Ida, roof, wind, and flood claims.",not_contacted,https://www.globalpatriotadjusters.com/new-orleans-la-public-insurance-adjusters,"Page lists phone and Hurricane Ida claim positioning."
16,AAA Public Adjusters,LA,https://aaapublicadjusters.com/public-adjuster-lake-dequincy-louisiana/,contact_form,https://aaapublicadjusters.com/public-adjuster-lake-dequincy-louisiana/,1-800-410-5054,"Hurricane Laura; Louisiana homeowner and business claims","Your Louisiana page specifically mentions Hurricane Laura claims.","Laura claim brief?","I saw AAA Public Adjusters mentions Hurricane Laura property claims in Louisiana.",not_contacted,https://aaapublicadjusters.com/public-adjuster-lake-dequincy-louisiana/,"Page lists phone and Louisiana/Hurricane Laura positioning."
17,Prime Adjustments,CO,https://primeadjustments.com/colorado-public-adjuster/,contact_form,https://primeadjustments.com/colorado-public-adjuster/,,"Colorado hail; fire; water; wind; ice dam; commercial roof hail","Your Colorado page calls out hail and commercial roof hail claims.","hail scope brief?","I saw Prime Adjustments highlights Colorado hail and commercial roof hail claims.",not_contacted,https://primeadjustments.com/colorado-public-adjuster/,"Page lists Colorado claim types and consultation CTA."
18,Gavnat,TX,https://www.gavnat.com/location/texas/,contact_form,https://www.gavnat.com/location/texas/,,"Texas hail and wind; commercial and multi-property claims","Your Texas page says hail and wind events frequently affect roofs.","Texas hail brief?","I saw Gavnat's Texas page calls out hail/wind events and commercial property claims.",not_contacted,https://www.gavnat.com/location/texas/,"Page lists Texas public adjusters and hail FAQ."
19,Gavnat,CO,https://www.gavnat.com/location/colorado/,contact_form,https://www.gavnat.com/location/colorado/,,"Colorado hail; fire; water; wildfire smoke; freeze-thaw damage","Your Colorado page lists hail disputes and wildfire smoke damage.","Colorado claim brief?","I saw Gavnat's Colorado page highlights hail disputes, wildfire smoke, and water damage.",not_contacted,https://www.gavnat.com/location/colorado/,"Page describes Colorado claim challenges."
20,Adjusters International / GGG,FL,https://www.ggg-ai.com/contact/areas-served/florida-public-adjuster/,contact_form,https://www.ggg-ai.com/contact/areas-served/florida-public-adjuster/,,"Florida hurricane damage; documenting full scope of damage","Your Florida page emphasizes hurricane damage and full-scope documentation.","hurricane scope brief?","I saw your Florida page focuses on hurricane damage and documenting the full scope.",not_contacted,https://www.ggg-ai.com/contact/areas-served/florida-public-adjuster/,"Page describes Florida hurricane damage and contact CTA."
21,AIM / Adjusters International,CO,https://www.aimbc.com/contact/areas-served/colorado-public-adjuster/,contact_form,https://www.aimbc.com/contact/areas-served/colorado-public-adjuster/,,"Colorado hail; fire; commercial and homeowner claims","Your Colorado page describes hail damage to roofs and siding.","hail damage brief?","I saw AIM's Colorado page discusses hail damage to roofs and siding.",not_contacted,https://www.aimbc.com/contact/areas-served/colorado-public-adjuster/,"Page discusses Colorado hail and fire claims."
22,Jansen / Adjusters International,LA,https://www.jansenai.com/contact/areas-served/louisiana-public-adjuster/,contact_form,https://www.jansenai.com/contact/areas-served/louisiana-public-adjuster/,,"Louisiana hurricane damage; flood; tornado; New Orleans claims","Your Louisiana page focuses on hurricane and flood claims.","Louisiana brief?","I saw Jansen's Louisiana page focuses on hurricane, flood, and New Orleans property claims.",not_contacted,https://www.jansenai.com/contact/areas-served/louisiana-public-adjuster/,"Page describes Louisiana hurricane and flood claim work."
23,LRG Claims,TX/LA/National,https://www.lrgclaims.com/,email,info@lrgclaims.com,(800) 956-8650,"storm, hurricane, hail, wind, fire, water, roof, denied, delayed, and underpaid claims; commercial, schools, municipalities, multifamily","Your site lists denied, delayed, underpaid, commercial, municipal, school, and multifamily property claims.","evidence checklist?","I saw LRG handles denied, delayed, and underpaid property claims across commercial, school, municipal, multifamily, and residential files.",not_contacted,https://www.lrgclaims.com/,"Homepage lists info@lrgclaims.com, phone, claim categories, and multi-state property claim work."
24,Corbitt Public Adjusting,LA,https://corbittpublicadjusting.com/states/louisiana,contact_form,https://corbittpublicadjusting.com/states/louisiana,,"Louisiana hurricane; flood; storm claims","Your Louisiana page focuses on hurricane, flood, and storm claims.","storm claim brief?","I saw Corbitt's Louisiana page focuses on hurricane, flood, and storm claims.",not_contacted,https://corbittpublicadjusting.com/states/louisiana,"Page title and snippet describe Louisiana hurricane/flood/storm claims."
25,Cordo Claims Group,FL,https://cordoclaims.com/florida-hurricane-public-adjuster/,contact_form,https://cordoclaims.com/florida-hurricane-public-adjuster/,877-55-CORDO,"Florida hurricane claims; Helene and Milton damage","Your Florida page discusses Helene and Milton hurricane damage.","Milton file brief?","I saw Cordo's Florida page discusses Hurricane Helene and Milton claim damage.",not_contacted,https://cordoclaims.com/florida-hurricane-public-adjuster/,"Page lists phone and Florida hurricane positioning."
26,Liberty Insurance Adjusters,TX,https://www.libertyinsuranceadjusters.com/blog/texas-hail-claims,contact_form,https://www.libertyinsuranceadjusters.com/blog/texas-hail-claims,,"Texas hail claims; proof of loss; claim FAQs","Your Texas hail guide starts with calling a public adjuster.","Texas hail brief?","I saw Liberty's Texas hail guide emphasizes public-adjuster help and proof-of-loss steps.",not_contacted,https://www.libertyinsuranceadjusters.com/blog/texas-hail-claims,"Blog describes Texas hail claim process."
27,C3 Group,TX,https://www.c3adjusters.com/dfw-hailstorm-2023/,contact_form,https://www.c3adjusters.com/dfw-hailstorm-2023/,,"commercial property; DFW hail; red flags; estimates and claims package","Your DFW hail page mentions detailed claims packages and red flags.","DFW hail brief?","I saw C3's DFW hail page discusses detailed claims packages and carrier red flags.",not_contacted,https://www.c3adjusters.com/dfw-hailstorm-2023/,"Page describes DFW hailstorm commercial property damage."
28,Empire Public Adjusters,CO,https://empirepublicadjusters.com/service-areas/colorado-hail-damage/,contact_form,https://empirepublicadjusters.com/service-areas/colorado-hail-damage/,,"Colorado hail; storm; water; roof; vandalism claims","Your Colorado page lists storm, hail, water, roof, and vandalism claims.","Colorado hail brief?","I saw Empire's Colorado page lists storm, hail, water, roof, and vandalism claims.",not_contacted,https://empirepublicadjusters.com/service-areas/colorado-hail-damage/,"Page describes Colorado public adjuster service area."
29,Apex Adjusting Group,CO,https://www.apexadjustinggroup.com/locations/denver-public-adjusters,contact_form,https://www.apexadjustinggroup.com/locations/denver-public-adjusters,,"Denver residential and commercial property damage claims","Your Denver page says you handle residential and commercial claims.","Denver claim brief?","I saw Apex handles both residential and commercial property damage claims around Denver.",not_contacted,https://www.apexadjustinggroup.com/locations/denver-public-adjusters,"Page describes Denver public adjuster claim work."
30,AllCity Adjusting,TX/CO,https://allcityadjusting.com/public-adjuster/service-areas/texas-public-adjuster/,email,info@allcityadjusting.com,844-MY-ADJUSTER,"large loss; fire; water; storm; in-house claims CRM","Your Texas page highlights large losses, an in-house claims CRM, and a public contact email.","large loss brief?","I saw AllCity's Texas page highlights large losses, an in-house claims CRM, and a public contact email.",not_contacted,https://allcityadjusting.com/public-adjuster/service-areas/texas-public-adjuster/,"Page lists info@allcityadjusting.com, phone, Texas public adjusting, large losses, and in-house claims CRM."
31,South Wind Public Adjusters,TX/LA/OK/NM,https://southwindpa.com/,contact_form,https://southwindpa.com/,1-866-979-4631,"commercial and residential claims; hail; hurricane; tornado; denied and underpaid claims","Your intake form explicitly includes denied and underpaid claim status.","denied claim brief?","I saw South Wind's intake form covers hail, hurricane, tornado, denied, and underpaid claims.",not_contacted,https://southwindpa.com/,"Homepage lists loss types, denied/underpaid claim status, state licenses, and phone."
32,Texas Public Adjusting,TX,https://texaspublicadjusting.net/,contact_form,https://texaspublicadjusting.net/,,"denied wind and hail claims; water; fire; frozen pipe; Dallas/Texas claims","Your case list repeatedly mentions denied wind and hail claims.","Texas denial brief?","I saw Texas Public Adjusting lists multiple denied wind and hail claim results.",not_contacted,https://texaspublicadjusting.net/,"Search result/page describes denied wind and hail, water, fire, and frozen pipe claims."
33,Triumph Consulting,FL,https://triumphfl.com/what-to-do-if-insurance-claim-denied-florida/,email,claims@triumphfl.com,954-592-7162,"Florida denied claim appeals; regulatory complaints; urgent appeal deadlines","Your denied-claim page focuses on appeal deadlines and free file review.","appeal file brief?","I saw Triumph focuses on denied claim appeals, deadlines, and free claim file review.",not_contacted,https://triumphfl.com/what-to-do-if-insurance-claim-denied-florida/,"Page lists claims@triumphfl.com, denied claim hotline, statewide Florida denied claim appeals."
34,Florida's Best Public Adjusters,FL,https://www.flbestpublicadjusters.com/public-adjuster-tampa/,contact_form,https://www.flbestpublicadjusters.com/contact/,(813) 895-3149,"Tampa public adjuster; Hurricane Milton; denied and underpaid claims","Your Tampa page calls out denied and underpaid Hurricane Milton claims.","Milton claim brief?","I saw Florida's Best discusses denied and underpaid Hurricane Milton claims in Tampa.",not_contacted,https://www.flbestpublicadjusters.com/public-adjuster-tampa/,"Page lists Tampa public adjuster positioning, Hurricane Milton, denied/underpaid claims, and phone."
35,Altieri Insurance Consultants,FL,https://altieriinsuranceconsultants.com/is-it-smart-to-hire-a-public-adjuster-after-a-claim-has-already-been-denied/,contact_form,https://altieriinsuranceconsultants.com/contact/,,"denied claim review; policy review; Florida public adjusting","Your article says denied claims can be appealed with public-adjuster review.","denied file brief?","I saw Altieri writes about reviewing denied claims and spotting insurer mistakes.",not_contacted,https://altieriinsuranceconsultants.com/is-it-smart-to-hire-a-public-adjuster-after-a-claim-has-already-been-denied/,"Article discusses denied claim review, policy review, and public adjuster appeal support."
36,Right Way Public Adjusters,FL,https://rightwaypa.com/denied-claims/,contact_form,https://rightwaypa.com/denied-claims/,(877) 744-8929,"denied and underpaid claims; hurricane; roof; water; business interruption","Your denied-claims page lists appeal steps and evidence submission.","denial appeal brief?","I saw Right Way's denied-claims page focuses on appeal support and evidence submission.",not_contacted,https://rightwaypa.com/denied-claims/,"Page lists denied claims workflow, damage causes, and phone."
37,Peninsula Public Adjusters,FL,https://peninsulapublicadjusters.com/faq/,email,info@peninsulapublicadjusters.com,786-334-6617,"Florida underpaid or denied claim evaluation; public adjuster fee FAQs","Your FAQ explicitly mentions underpaid or denied claim evaluation.","claim eval brief?","I saw Peninsula's FAQ mentions underpaid or denied claim evaluation and policy review.",not_contacted,https://peninsulapublicadjusters.com/faq/,"FAQ lists info@peninsulapublicadjusters.com, phone, and underpaid/denied claim evaluation."
38,Public Insurance Adjusters of Colorado,CO,https://publicinsuranceadjustersofcolorado.com/co-claims/,contact_form,https://publicinsuranceadjustersofcolorado.com/contact/,866.919.1962,"wind and hail; fire; water; roofing; commercial; HOA; multifamily claims","Your Colorado claims page lists wind/hail, roofing, HOA, and multifamily claims.","Colorado source brief?","I saw PIAC lists wind/hail, roofing, commercial, HOA, and multifamily claim types.",not_contacted,https://publicinsuranceadjustersofcolorado.com/co-claims/,"Page lists common claim types, thorough claim review, Denver headquarters, and phone."
39,United Claims Specialists,LA/TX/FL,https://www.ucspa.com/public-adjuster-louisiana,email,claims@ucspa.com,855-321-LOSS,"Louisiana property claims; denied claims; residential, commercial, and large loss","Your Louisiana page says you help when property claims are denied.","Louisiana claim brief?","I saw United Claims says it can help if a Louisiana property damage claim has been denied.",not_contacted,https://www.ucspa.com/public-adjuster-louisiana,"Page lists claims@ucspa.com, phone, Louisiana denied claims, and commercial/large-loss work."
40,Sill Public Adjusters,National,https://www.sill.com/,email,info@sill.com,844.650.7455,"commercial and large residential property damage claims; proof of loss documentation","Your site focuses on commercial and large residential property claims.","large-loss brief?","I saw Sill focuses on commercial and large residential property damage claims.",not_contacted,https://www.sill.com/,"Homepage and contact/careers pages list large-loss positioning, phone, and info@sill.com."
41,Insurance Claim Recovery Support,TX/National,https://insuranceclaimrecoverysupport.com/,contact_form,https://insuranceclaimrecoverysupport.com/,,"large-loss commercial, multifamily, hail, fire, wind, hurricane, business interruption","Your site focuses on large-loss commercial and multifamily property claims.","large-loss packet?","I saw ICRS focuses on commercial and multifamily large-loss claim documentation.",not_contacted,https://insuranceclaimrecoverysupport.com/,"Homepage describes large-loss commercial and multifamily claims, hail/fire/wind/hurricane, and policyholder-only representation."
42,Alpha Public Adjusting,GA/FL,https://alphapublicadjusting.com/,email,claims@alphapublicadjusting.com,(470) 870-6555,"public adjusting across Georgia and Florida; property damage claims","Your site lists a public adjusting contact email and free assessment.","claim packet brief?","I saw Alpha Public Adjusting lists a public adjusting contact email and free assessment form.",not_contacted,https://alphapublicadjusting.com/,"Homepage/search result lists claims@alphapublicadjusting.com, phone, and contact form."
43,Adjust Up Claims,FL,https://adjustupclaims.com/,contact_form,https://adjustupclaims.com/,(305) 574-9139,"Florida public adjuster; fire, hurricane, and insurance property claims","Your site says you handle all types of insurance property claims.","property claim brief?","I saw Adjust Up Claims handles all types of Florida insurance property claims.",not_contacted,https://adjustupclaims.com/,"Homepage describes Florida public adjusters, fire/hurricane/insurance claims, and free consultation."
44,FCS Public Adjusters,FL,https://www.fcspublicadjuster.com/,contact_form,https://www.fcspublicadjuster.com/,,"denied claims; flood; water leak; mold; roof leak; hurricane; windstorm; hail","Your homepage targets denied, water, roof, hurricane, windstorm, and hail claims.","denied scope brief?","I saw FCS targets denied, water, roof, hurricane, windstorm, and hail claims.",not_contacted,https://www.fcspublicadjuster.com/,"Homepage/search result lists denied claim, flood, water leak, mold, roof leak, hurricane, windstorm, hail."
45,Ademar Adjusters,FL,https://ademarpublicadjustersflorida.com/miami-public-adjusters/,contact_form,https://ademarpublicadjustersflorida.com/miami-public-adjusters/,,"Miami public adjusters; denied or undervalued claims; hurricane; construction estimates","Your Miami page mentions undervalued settlements, denied claims, and hurricane claims.","Miami claim brief?","I saw Ademar's Miami page discusses undervalued settlements, denied claims, and hurricane claims.",not_contacted,https://ademarpublicadjustersflorida.com/miami-public-adjusters/,"Page describes Miami public adjusters, denied/undervalued claims, hurricane claims, and construction/estimate expertise."
46,Claim Monsters,TX,https://claimmonsters.com/,email,info@claimmonsters.com,(210) 997-1707,"Texas public adjusters; denied and underpaid claims; hail, ice, wind, and hurricane damage","Your homepage directly calls out denied and underpaid claims.","denied Texas claim brief?","I saw Claim Monsters directly targets denied and underpaid Texas claims across hail, ice, wind, and hurricane damage.",not_contacted,https://claimmonsters.com/,"Homepage lists info@claimmonsters.com, phone, denied/underpaid claims, and Texas public-adjuster positioning."
47,YPA Public Adjusters,TX/PR,https://www.ypapublicadjusters.com/texas/,contact_form,https://www.ypapublicadjusters.com/texas/,(682) 267-0336,"Texas hurricane, flood, fire, hail, wind, roof, underpaid, and denied claim appeals","Your Texas page says you can help after a low settlement offer or denial.","Texas claim review brief?","I saw YPA's Texas page says you help after low settlement offers, denied claims, and complex storm damage.",not_contacted,https://www.ypapublicadjusters.com/texas/,"Page lists phone, free claim review form, denied/underpaid claims, and Texas claim types."
48,National Claims Negotiators,TX,https://nationalclaimsnegotiators.com/free-claim-review/,email,claims@ncnmail.com,(817) 969-4621,"Texas commercial, churches, property managers, residential, and storm claims","Your free-review page says claim evaluation requires policy and damage coverage judgment.","DFW claim brief?","I saw National Claims Negotiators handles Texas storm claims for commercial, churches, property managers, and residential policyholders.",not_contacted,https://nationalclaimsnegotiators.com/free-claim-review/,"Page lists claims@ncnmail.com, phone, Texas public-adjuster positioning, and multiple claim segments."
49,First Call Public Adjusters,TX,https://thepublicadjustertx.com/,email,FirstCallPublicAdjusters@gmail.com,(817) 618-9884,"Texas commercial and residential claims; appraisal; underpaid insurance claims; TPO and standing seam roofs","Your site emphasizes commercial roofs, residential claims, appraisal, and underpaid claims.","commercial roof brief?","I saw First Call works on commercial roofs, residential claims, appraisals, and underpaid insurance claims in Texas.",not_contacted,https://thepublicadjustertx.com/,"Homepage lists phone, commercial/residential claim work, appraisal, and underpaid claim positioning; search result lists public email."
50,Continental Public Adjusters,FL,https://www.continentalpublicadjusters.com/get-a-free-claim-review,email,claims@contpa.com,(800) 989-4769,"Florida denied, delayed, or underpaid claims; commercial, residential, condo, natural disaster, water, fire, and wind","Your free-review page specifically mentions denied, delayed, and underpaid claims.","Florida claim review brief?","I saw Continental's free-review page targets denied, delayed, and underpaid Florida claims across commercial, residential, condo, disaster, water, fire, and wind files.",not_contacted,https://www.continentalpublicadjusters.com/get-a-free-claim-review,"Page lists claims@contpa.com, phone, denied/delayed/underpaid claim status, and Florida claim types."
51,Trust Public Adjusting Group,FL,https://trustpublicadjustinggroup.com/contact-us/,email,Claims@TrustPublicAdjusting.com,850-708-2582,"Florida residential and commercial property claims; storm damage; free policy reviews","Your contact page says you help residential and commercial property owners statewide.","Florida policy brief?","I saw Trust Public Adjusting Group offers free policy reviews and helps Florida residential and commercial property owners.",not_contacted,https://trustpublicadjustinggroup.com/contact-us/,"Contact page lists Claims@TrustPublicAdjusting.com, text number, Florida offices, and residential/commercial positioning."
52,Claim Warriors,CO/National,https://www.claimwarriors.com/service-areas/colorado-public-adjuster,contact_form,https://www.claimwarriors.com/service-areas/colorado-public-adjuster,888-884-7050,"Colorado public adjusters; hail, fire, flood, hurricane, windstorm, water, mold, business interruption; denied initial offers","Your Colorado page shows initial-offer versus final-settlement examples and many claim types.","Colorado payout brief?","I saw Claim Warriors lists Colorado hail, fire, flood, windstorm, water, mold, business interruption, and initial-offer disputes.",not_contacted,https://www.claimwarriors.com/service-areas/colorado-public-adjuster,"Page lists phone, claim types, policy/documentation workflow, and initial-offer comparison examples."
53,Allclaims Pro,VA/WV/MD/NC/PA/OH/DC/NJ/KY,https://allclaimspro.com/,contact_form,https://allclaimspro.com/,(540) 252-6623,"multi-state public adjusting; fire, water, hail, wind, hurricane, tree, and storm damage; policy review and claim document uploads","Your intake form asks for claim documents, policy, photos, damage type, and insurance company.","multi-state claim brief?","I saw Allclaims Pro serves multiple states and asks prospects to upload policies, claim documents, photos, damage type, and insurance company details.",not_contacted,https://allclaimspro.com/,"Homepage lists phone, service states, claim categories, public adjusting, and a claim document upload form."
54,Eagle Public Adjusting Group,FL/WI,https://www.eaglepublicadjustinggroup.com/contact/,contact_form,https://www.eaglepublicadjustinggroup.com/contact/,,"Florida and Wisconsin public adjusters; hurricane, fire, water, vandalism; residential and commercial","Your contact page offers a free claim review and property inspection.","free review brief?","I saw Eagle Public Adjusting Group offers free claim review and property inspection for Florida property owners.",not_contacted,https://www.eaglepublicadjustinggroup.com/contact/,"Search/contact page describes free claim review, Florida/Wisconsin service, and residential/commercial public adjusting."
55,Kruger Property Solutions,FL/LA/TX/NC/SC,https://news.callkruger.com/insurance-denial-fight-for-florida-home,email,claims@callkruger.com,(800) 876-9987,"storm damage restoration; hurricane denial guidance; roofing, board-up, tree removal, emergency property protection","Your denial guide tells owners to review denial letters, document damage, and get professional help.","restoration claim brief?","I saw Kruger's denial guide focuses on Florida insurance denials, documentation, policy review, and storm restoration workflow.",not_contacted,https://news.callkruger.com/insurance-denial-fight-for-florida-home,"Guide lists claims@callkruger.com, phone, service states, denial workflow, and storm-damage restoration positioning."
56,Claims Public Adjusting,TX/OK/CA,https://www.claimspa.com/,email,Claims@Claimspa.com,+1 (855) 979-3200,"homeowner and business property claims; Texas Oklahoma and California public adjusting","Your site says you fight for policyholders across Texas Oklahoma and beyond.","Texas claim packet brief?","I saw Claims Public Adjusting represents homeowners and business owners across Texas Oklahoma and California.",not_contacted,https://www.claimspa.com/,"Homepage lists Claims@Claimspa.com phone and licensed public-adjuster positioning."
57,Horse & Crown,FL,https://www.horsecrown.com/,email,claims@horsecrown.com,727-753-8874,"Florida appraisal; umpire; loss consulting; estimating; claim resolution","Your site emphasizes appraisals and loss consulting that move claims toward resolution.","appraisal file brief?","I saw Horse & Crown focuses on appraisal loss consulting estimating and claim-resolution support in Florida.",not_contacted,https://www.horsecrown.com/,"Homepage lists claims@horsecrown.com phone and appraisal loss consulting services."
58,123Adjusting,FL,https://www.123adjusting.com/,email,CLAIMS@123ADJUSTING.COM,(877) 463-7429,"Florida public adjusting; property damage; underpaid claims; hurricane-season outreach","Your public posts repeatedly give a claims email for property-damage help.","Florida claim brief?","I saw 123Adjusting publicly lists a claims email and phone for property-damage and insurance-claim help in Florida.",not_contacted,https://www.facebook.com/123adjustingfl/,"Public Facebook profile lists CLAIMS@123ADJUSTING.COM phone and official website."
59,ClaimsMate Adjusters,TX,https://claimsmate.com/,contact_form,https://claimsmate.com/,832.878.8654,"Texas public adjusters; policyholder advocacy; higher settlements; local claim help","Your Texas profile says ClaimsMate helps policyholders navigate claims and negotiate with insurers.","Texas payout brief?","I saw ClaimsMate is a Texas public-adjuster service focused on policyholder advocacy and higher insurance recoveries.",not_contacted,https://www.napia.com/find-a-public-adjuster/claimsmate-adjusters-llc,"NAPIA profile lists phone website Texas focus and public-adjuster services."
60,Eclipse Claims Consulting,TX/National,https://www.eclipseclaims.com/,contact_form,https://www.eclipseclaims.com/,972.478.4444,"claims recovery; mediation; policy analysis; factual investigation; claim submission","Your profile says you combine claims recovery mediation policy analysis and claim submission.","policy analysis brief?","I saw Eclipse Claims Consulting handles claims recovery mediation policy analysis and factual investigation for businesses and homeowners.",not_contacted,https://www.napia.com/find-a-public-adjuster/eclipse-claims-consulting-llc,"NAPIA profile lists phone website and multi-state public-adjuster licensing."
61,True View Commercial,TX/OK/OH,https://www.trueviewcommercial.com/contact,contact_form,https://www.trueviewcommercial.com/contact,214.808.9163,"large-loss commercial and residential adjusting; claim management; Matterport and HAAG documentation","Your contact form includes water mold fire smoke wind and hail claim assessment options.","large-loss claim brief?","I saw True View Commercial offers large-loss public adjusting and claim-management support around DFW.",not_contacted,https://www.trueviewcommercial.com/contact,"Contact page lists claim-assessment form categories and NAPIA lists phone."
62,Public Loss Consultants,National,https://www.publiclossconsultants.com/,contact_form,https://www.publiclossconsultants.com/,(800) 738-6101,"national public adjusting; restaurants; hotels; municipalities; retail; marine; homeowner losses","Your Q&A says your adjusters handle restaurants hotels municipalities retail marine and homeowner losses.","complex loss brief?","I saw Public Loss Consultants handles many commercial and homeowner loss categories through a national public-adjusting practice.",not_contacted,https://www.publiclossconsultants.com/qa/,"Official site lists phone and Q&A describes broad claim categories."
63,Mission Property Loss Consultants,TX/GA/OK/NC/SC/TN,https://missionplc.com/contact-us/,email,info@missionae.com,+1-833-446-7728,"commercial public adjusting; policy reviews; storm fire smoke water and business-interruption claims","Your site talks about policy reviews and commercial public-adjusting services.","commercial policy brief?","I saw Mission PLC focuses on commercial public adjusting policy review and storm fire smoke water and business-interruption claims.",not_contacted,https://missionplc.com/contact-us/,"Contact page lists info@missionae.com phone and public-adjusting contact form."
64,D.A. Lamont Public Adjusters,TX/CO/FL/LA/GA/NC/OK/SC,https://www.napia.com/find-a-public-adjuster/da-lamont,contact_form,https://www.napia.com/find-a-public-adjuster/da-lamont,817.637.8824,"large-loss public adjusting; risk assessment; extreme weather and disaster claims","Your NAPIA profile says you handle large losses and extreme-weather disaster claims.","large-loss disaster brief?","I saw D.A. Lamont positions itself around large-loss public adjusting and disaster recovery claims.",not_contacted,https://www.napia.com/find-a-public-adjuster/da-lamont,"NAPIA profile lists phone multi-state licenses and large-loss disaster positioning."
65,D.C. Hogan & Associates,TX,https://www.napia.com/find-a-public-adjuster/dc-hogan-and-associates-inc,contact_form,https://www.napia.com/find-a-public-adjuster/dc-hogan-and-associates-inc,281.333.0602,"Texas denied and underpaid property claims; large-loss adjusting","Your NAPIA profile directly says you help when claims are denied or underpaid.","denied Texas brief?","I saw D.C. Hogan focuses on Texas property claims that are denied or underpaid.",not_contacted,https://www.napia.com/find-a-public-adjuster/dc-hogan-and-associates-inc,"NAPIA profile lists phone Texas license and denied or underpaid claim positioning."
66,Morrison & Morrison,TX/FL/National,https://www.napia.com/find-a-public-adjuster/morrison-and-morrison-inc,contact_form,https://www.napia.com/find-a-public-adjuster/morrison-and-morrison-inc,866.723.5787,"large-loss consulting; national claims; hurricanes Ivan Katrina Rita Ike Sandy Harvey and Michael","Your profile says Morrison & Morrison has handled claims in every major hurricane since 2003.","hurricane loss brief?","I saw Morrison & Morrison handles large-loss national claims and has hurricane experience from Ivan through Harvey and Michael.",not_contacted,https://www.napia.com/find-a-public-adjuster/morrison-and-morrison-inc,"NAPIA profile lists phone website states and hurricane large-loss experience."
67,Pacific Public Adjusters,WA/CO,https://www.napia.com/find-a-public-adjuster/pacific-public-adjusters,contact_form,https://www.napia.com/find-a-public-adjuster/pacific-public-adjusters,206.207.3072,"residential commercial industrial agricultural and complex losses; denied and underpaid claims","Your profile says you turned denied and underpaid claims into multi-million-dollar recoveries.","denied loss brief?","I saw Pacific Public Adjusters focuses on complex losses and denied or underpaid claim recoveries.",not_contacted,https://www.napia.com/find-a-public-adjuster/pacific-public-adjusters,"NAPIA profile lists phone website complex-loss categories and denied or underpaid claim positioning."
68,Continental Adjusters LLC,TX/National,https://www.napia.com/find-a-public-adjuster/continental-adjusters-inc,contact_form,https://www.napia.com/find-a-public-adjuster/continental-adjusters-inc,214.373.6600,"multi-million-dollar commercial losses; national and international public adjusting","Your profile says you handle hundreds of large commercial claims across the country and worldwide.","commercial loss brief?","I saw Continental Adjusters works on complex multi-million-dollar commercial losses across more than 40 states.",not_contacted,https://www.napia.com/find-a-public-adjuster/continental-adjusters-inc,"NAPIA profile lists phone website and large commercial claim focus."
69,Berkeley International,TX/FL/GA/LA/NC/SC,https://www.napia.com/find-a-public-adjuster/berkeley-international-inc,contact_form,https://www.napia.com/find-a-public-adjuster/berkeley-international-inc,832.225.6957,"policy language; burden of proof; flood wind hail and fire claims; insurance recovery","Your profile says policyholders carry the burden of proof and your team helps prove damages.","burden-of-proof brief?","I saw Berkeley International focuses on policy language damages proof and flood wind hail or fire claim recovery.",not_contacted,https://www.napia.com/find-a-public-adjuster/berkeley-international-inc,"NAPIA profile lists phone multi-state licenses and burden-of-proof positioning."
70,Victory Claims Consulting,FL/TX/GA/OK/SC/TN/UT,https://www.napia.com/find-a-public-adjuster/victory-claims-consulting,contact_form,https://www.napia.com/find-a-public-adjuster/victory-claims-consulting,800.957.1239,"claims recovery; appraisal; policy examinations; businesses and homeowners","Your profile says you provide claim recovery appraisal and policy examinations for businesses and homeowners.","policy exam brief?","I saw Victory Claims Consulting combines public adjusting appraisal and policy examinations for property-damage claims.",not_contacted,https://www.napia.com/find-a-public-adjuster/victory-claims-consulting,"NAPIA profile lists phone website Florida and Texas related offices and claim-recovery positioning."
71,Eastern Public,NY/Eastern US,https://www.napia.com/find-a-public-adjuster/eastern-public-llc,contact_form,https://www.napia.com/find-a-public-adjuster/eastern-public-llc,929.999.4674,"large commercial loss; luxury residential; disaster recovery; claims management","Your profile says you focus on large commercial loss and luxury residential property claims.","commercial recovery brief?","I saw Eastern Public focuses on disaster recovery and complex large commercial or luxury residential property claims.",not_contacted,https://www.napia.com/find-a-public-adjuster/eastern-public-llc,"NAPIA profile lists phone website and large commercial loss positioning."
72,Crown Adjusting,CA/NV,https://www.napia.com/find-a-public-adjuster/crown-adjusting-llc,contact_form,https://www.napia.com/find-a-public-adjuster/crown-adjusting-llc,415.999.5519,"California and Nevada public adjusting; fire flood earthquake home and business claims","Your profile frames the pain as documenting a claim and wondering whether recovery will be fair.","California claim brief?","I saw Crown Adjusting helps California and Nevada homeowners and businesses document claims and avoid settling for less.",not_contacted,https://www.napia.com/find-a-public-adjuster/crown-adjusting-llc,"NAPIA profile lists phone website states and documentation pain."
73,Clarke & Cohen,PA/National,https://www.napia.com/find-a-public-adjuster/clarke-and-cohen-inc,contact_form,https://www.napia.com/find-a-public-adjuster/clarke-and-cohen-inc,610.668.0144,"personal commercial and institutional property claims; concierge claim service","Your profile says you advocate when there is damage to personal commercial or institutional property.","institutional claim brief?","I saw Clarke & Cohen handles personal commercial and institutional property insurance claims through settlement.",not_contacted,https://www.napia.com/find-a-public-adjuster/clarke-and-cohen-inc,"NAPIA profile lists phone website and broad property-claim focus."
74,Carter J Auslander & Assoc,IL/National,https://www.napia.com/find-a-public-adjuster/carter-j-auslander-and-assoc,contact_form,https://www.napia.com/find-a-public-adjuster/carter-j-auslander-and-assoc,312.427.5700,"national public adjusting; claims processing expertise; multi-generational firm","Your profile describes a national public-adjusting practice with deep claims-processing expertise.","claims processing brief?","I saw Carter J Auslander & Assoc is a nationally licensed public-adjuster firm built around claims-processing expertise.",not_contacted,https://www.napia.com/find-a-public-adjuster/carter-j-auslander-and-assoc,"NAPIA profile lists phone website and national licensing footprint."
75,Andrew K. Knox & Company,NJ/National,https://www.napia.com/find-a-public-adjuster/andrew-k-knox-and-company,contact_form,https://www.napia.com/find-a-public-adjuster/andrew-k-knox-and-company,732.349.3231,"insurance-claim preparation; home and business property damage; maximum recovery","Your profile says your team prepares presents and adjusts claims to secure maximum recovery.","claim prep brief?","I saw Andrew K. Knox & Company focuses on insurance-claim preparation for home and business property damage.",not_contacted,https://www.napia.com/find-a-public-adjuster/andrew-k-knox-and-company,"NAPIA profile lists phone website and insurance-claim preparation positioning."
76,Christopher L Friedley Public Adjuster,MS/LA/GA,https://www.napia.com/find-a-public-adjuster/christopher-l-friedley-public-adjuster-llc,contact_form,https://www.napia.com/find-a-public-adjuster/christopher-l-friedley-public-adjuster-llc,228.229.4817,"former insurance adjuster; property claim advocacy; claim process guidance","Your profile says you use former carrier-side experience to help property owners regain control of claims.","carrier-side brief?","I saw Christopher Friedley uses nearly 20 years of insurance-adjusting experience to guide property owners through claims.",not_contacted,https://www.napia.com/find-a-public-adjuster/christopher-l-friedley-public-adjuster-llc,"NAPIA profile lists phone states and former insurance adjuster positioning."
77,Feller Loss Consultants,NV/AZ/CA/NM/UT,https://fellerlossconsultants.com/,email,info@FellerClaims.com,702-724-2630,"commercial claims; homeowners property damage; Las Vegas public adjusting","Your public profile lists commercial and homeowners property-damage claim specialties.","Vegas claim brief?","I saw Feller Loss Consultants handles commercial and homeowners property-damage claims from Nevada and nearby states.",not_contacted,https://uphelp.org/sponsors/feller-loss-consultants-inc/,"United Policyholders profile lists info@FellerClaims.com phone specialties and state coverage."
78,Fire Loss Consultants,MI,https://firelossconsultants.com/public-adjuster-grand-rapids/,contact_form,https://firelossconsultants.com/public-adjuster-grand-rapids/,(517) 857-4300,"fire smoke water storm commercial property and appraisal claims","Your FAQ says claim preparation often needs policy photos receipts inventory and carrier correspondence.","documentation checklist brief?","I saw Fire Loss Consultants explains the documentation needed for fire water storm commercial and appraisal claims.",not_contacted,https://firelossconsultants.com/faqs/,"FAQ lists claim categories documentation needs denial support and Michigan office phones."
79,Accurate Claims Consulting,CA/AZ/CT/GA,https://myaccurateclaim.com/contact/,email,info@myaccurateclaim.com,(323) 509-4660,"public adjusting; water fire mold claims; California Arizona Connecticut and Georgia","Your contact page says you work on contingency and lists a public email address.","water claim brief?","I saw Accurate Claims Consulting handles insurance claims across California Arizona Connecticut and Georgia with a public contact email.",not_contacted,https://myaccurateclaim.com/contact/,"Contact page lists info@myaccurateclaim.com phone and public-adjuster consultation form."
80,Sipe Adjustment Group,NJ,https://www.napia.com/find-a-public-adjuster/jesse-sipe,contact_form,https://www.napia.com/find-a-public-adjuster/jesse-sipe,732.506.6789,"New Jersey public adjusting; property loss support; regional claim help","Your NAPIA listing shows a dedicated public-adjusting group with a direct office phone.","NJ claim brief?","I saw Sipe Adjustment Group is listed as a public-adjuster organization with a direct office contact route.",not_contacted,https://www.napia.com/find-a-public-adjuster/jesse-sipe,"NAPIA profile lists organization website and phone."
81,The Greenspan Company/Adjusters International,CA/National,https://www.napia.com/find-a-public-adjuster/sydney-greenspan,contact_form,https://www.napia.com/find-a-public-adjuster/sydney-greenspan,818.386.1313,"claims process navigation; fair settlements; multi-generation public adjusting","Your profile says Greenspan helps clients navigate complex claims and secure fair settlements.","complex claim brief?","I saw The Greenspan Company works on complex insurance-claim navigation and fair settlement support.",not_contacted,https://www.napia.com/find-a-public-adjuster/sydney-greenspan,"NAPIA profile lists organization website phone and claims-process positioning."
82,AJR Public Adjusters,AZ,https://www.napia.com/find-a-public-adjuster/ajr-public-adjusters-llc,contact_form,https://www.napia.com/find-a-public-adjuster/ajr-public-adjusters-llc,602.795.5227,"Arizona property-damage public adjusting; policyholder rights; claim advocacy","Your profile says you guide policyholders through the insurance claims process and protect their rights.","Arizona claim brief?","I saw AJR Public Adjusters helps Arizona policyholders facing property damage get claim-process guidance and advocacy.",not_contacted,https://www.napia.com/find-a-public-adjuster/ajr-public-adjusters-llc,"NAPIA profile lists phone website and Arizona public-adjusting focus."
83,Hawaii Public Adjusters,HI/TX,https://www.napia.com/find-a-public-adjuster/hawaii-public-adjusters,contact_form,https://www.napia.com/find-a-public-adjuster/hawaii-public-adjusters,808.856.3041,"Hawaii public adjusting; appraisal and claim support; Texas license listed","Your NAPIA listing shows Hawaii and Texas licensing with direct phone contact.","island claim brief?","I saw Hawaii Public Adjusters is listed with public-adjuster licensing and direct office contact.",not_contacted,https://www.napia.com/find-a-public-adjuster/hawaii-public-adjusters,"NAPIA profile lists phone website contacts and Hawaii Texas licensing."
84,MLA Claims,PA/National,https://www.mlaclaims.com,contact_form,https://www.mlaclaims.com,610.940.4400,"commercial property; extra expense; business interruption; fires earthquakes floods and hurricanes","Your profile says you handle property extra-expense and business-interruption claims from fires floods and hurricanes.","BI claim brief?","I saw MLA Claims handles commercial property extra expense and business-interruption claims from catastrophic events.",not_contacted,https://www.napia.com/find-a-public-adjuster/s-robert-landow,"NAPIA profile lists organization website phone and commercial BI claim experience."
85,Loti,CA,https://www.napia.com/find-a-public-adjuster/loti,email,mike@loti.com,,"homeowner insurance recovery; major property loss; technology-enabled claim support","Your profile says Loti combines adjusting experience and software to guide homeowners after major property loss.","homeowner recovery brief?","I saw Loti focuses on helping homeowners through complex insurance recovery after major property loss.",not_contacted,https://www.napia.com/find-a-public-adjuster/loti,"NAPIA profile lists mike@loti.com and major-loss insurance recovery positioning."
86,21st Century Public Adjusters,PA/NJ,https://www.21stcenturypublicadjusters.com/denied-insurance-claims,email,21stclaims@gmail.com,(215) 485-3107,"denied and underpaid residential and commercial claims; denial letters; missing documentation","Your denied-claim page asks owners to upload denial letters and gather policies estimates photos and correspondence.","denial packet brief?","I saw 21st Century focuses on denied and underpaid PA/NJ claims and asks owners for denial letters policies estimates photos and carrier communication.",not_contacted,https://www.21stcenturypublicadjusters.com/denied-insurance-claims,"Page lists 21stclaims@gmail.com phone denied/underpaid claim FAQs and denial-letter upload."
87,ProMaxx Public Adjusters,PA/NJ/DE/MD,https://www.promaxxadjusters.com/contact-us/,email,promaxxadjusting@gmail.com,(445) 214-7528,"residential property damage claims; fire water natural disaster smoke mold and hail","Your contact form asks for property damage cause and insurance-company details.","residential damage brief?","I saw ProMaxx handles residential damage claims across PA NJ DE and MD and asks for damage cause plus carrier details.",not_contacted,https://www.promaxxadjusters.com/contact-us/,"Contact page lists promaxxadjusting@gmail.com phone licenses and damage intake fields."
88,Miller Public Adjusters,WI/IA,https://www.millerpublicadjusters.com/contact-us-1,email,contact@millerpublicadjusters.com,866-614-3102,"Wisconsin and Iowa public adjusting; fire denied claim guidance; property claim review","Your site offers free claim review and has denied fire-claim guidance.","fire claim brief?","I saw Miller Public Adjusters offers free claim review and publishes guidance on denied fire insurance claims.",not_contacted,https://www.millerpublicadjusters.com/contact-us-1,"Contact page lists contact@millerpublicadjusters.com and business inquiry phone; site promotes free claim review."
89,Santex Public Adjusters,TX,https://santexpublicadjusters.com/contact-santex-public-adjusters/,contact_form,https://santexpublicadjusters.com/contact-santex-public-adjusters/,(713) 766-6645,"Houston public adjusting; detailed documentation; construction and restoration-cost experience","Your homepage says detailed documentation and restoration-cost knowledge are central to your claim work.","Houston claim brief?","I saw Santex helps Houston-area property owners navigate claims with detailed documentation and restoration-cost context.",not_contacted,https://santexpublicadjusters.com/,"Homepage/contact page lists phone form and documentation-focused claim positioning."
90,Copper State Adjusting,AZ,https://csadjusting.com/,email,claims@csadjusting.com,480-660-0861,"Arizona public adjusting; wind hail fire water storm mold and business-interruption claims","Your free-review form asks for damage type and your services page lists commercial BI and property claims.","Arizona claim brief?","I saw Copper State Adjusting offers free claim review for wind hail fire water storm mold and commercial BI property claims.",not_contacted,https://csadjusting.com/,"Homepage/services pages list claims@csadjusting.com phone damage categories and commercial BI claim services."
91,SafeHnd Public Adjusters,National,https://safehnd.com/start-free-claim-review,email,support@safehnd.com,800-315-0668,"virtual claim review; underpaid or denied claims; documentation and claim strategy","Your free-review page says you review documentation virtually and inspect in person when needed.","virtual claim brief?","I saw SafeHnd uses phone email and virtual claim review to evaluate underpaid or denied claims and documentation strategy.",not_contacted,https://safehnd.com/start-free-claim-review,"Free review page lists support@safehnd.com phone and underpaid/denied documentation-review workflow."
92,Rise Public Adjusters,FL/TX/GA/TN,https://risepaclaims.com/,email,RisePAGeneral@gmail.com,,"denied underpaid delayed claims; inspections; policy review; detailed estimates","Your FAQ says you review policy re-inspect damage and challenge improper denials or low offers.","denied/low-offer brief?","I saw Rise Public Adjusters handles denied underpaid delayed claims and publishes a direct email for claim questions.",not_contacted,https://risepaclaims.com/,"Homepage lists RisePAGeneral@gmail.com states served and denied/underpaid claim FAQ."
93,Tiger Adjusters,National,https://www.tigeradjusters.com/locations,email,info@tigeradjusters.com,945-253-3395,"national public-adjuster network; policy interpretation; scoping estimating and negotiation","Your locations page lists a national public-adjuster network with a public info email.","network claim brief?","I saw Tiger Adjusters runs a national public-adjuster network focused on policy interpretation scoping estimating and claim negotiation.",not_contacted,https://www.tigeradjusters.com/locations,"Locations page lists info@tigeradjusters.com phone and coast-to-coast public-adjuster network."
94,Blueprint Claims,National,https://fightforyourclaim.com/,contact_form,https://fightforyourclaim.com/,(800) 822-0101,"commercial and residential claims; denied claims; business interruption; large loss; appraisal","Your services menu includes denied claims business interruption large loss appraisal and residential/commercial claims.","large-loss review brief?","I saw Blueprint Claims handles residential commercial denied business-interruption large-loss and appraisal claim work.",not_contacted,https://fightforyourclaim.com/about/,"About/services pages list phone contact CTA and claim categories including denied claims business interruption and large loss."
95,PrimeState Public Adjusters,FL/NY/NJ/PR/TX,https://primestateadjusters.com/contact-us/,email,info@primestateadjusters.com,305-595-9595,"commercial and residential insurance claims; multi-office public adjusting; faster claim settlement","Your contact page says you handle commercial and residential insurance claims across multiple offices.","multi-office claim brief?","I saw PrimeState has Florida New Jersey New York and Puerto Rico offices and handles commercial and residential insurance claims.",not_contacted,https://primestateadjusters.com/contact-us/,"Contact page lists info@primestateadjusters.com office phones and commercial/residential claim positioning."
96,United Public Adjusters & Appraisers,NY/NJ/CT/National,https://www.unitedpublicadjusters.com/,contact_form,https://www.unitedpublicadjusters.com/state-coverage/,1-800-718-5677,"large-loss property claims; residential; business interruption; frozen pipes; municipalities","Your site says you manage large-loss property claims and know policy language inside out.","NY large-loss brief?","I saw United Public Adjusters focuses on large-loss property claims including residential business interruption frozen pipes and municipal claims.",not_contacted,https://www.unitedpublicadjusters.com/,"Homepage/state-coverage pages list phone consultation form and large-loss claim categories."
97,Action Public Adjusters,FL/TX/NC/SC/GA/CT/ME,https://www.actionpublicadjusters.com/contact-public-adjuster.html,contact_form,https://www.actionpublicadjusters.com/contact-public-adjuster.html,(786) 540-2823,"new underpaid and denied claims; hurricane fire water mold roof commercial and HOA property claims","Your site directly targets new underpaid and denied claims for commercial residential and HOA property damage.","South Florida claim brief?","I saw Action Public Adjusters handles new underpaid and denied claims across hurricane water fire mold roof commercial and HOA property damage.",not_contacted,https://www.actionpublicadjusters.com/,"Homepage/contact page lists phone and claim-evaluation form for new underpaid or denied property claims."
98,Performance Adjusting,RI/MA/CT/FL,https://performanceadjusting.com/,contact_form,https://performanceadjusting.com/contact/,401-724-9111,"residential and commercial property claims; fire water storm roof leak vandalism and business interruption","Your FAQ and BBB profile describe fire water smoke storm roof leak vandalism and BI claim support.","New England claim brief?","I saw Performance Adjusting handles residential and commercial property claims across Rhode Island Massachusetts Connecticut and Florida.",not_contacted,https://performanceadjusting.com/,"Homepage/FAQ list phone free consultation and service area; BBB summary lists claim categories including BI."
99,Beneke Company / Adjusters International,TX/National,https://www.napia.com/find-a-public-adjuster/beneke-company-the-adjusters-international,contact_form,https://www.napia.com/find-a-public-adjuster/beneke-company-the-adjusters-international,512.328.1851,"commercial property owners; devastating property loss; national public insurance adjusting","Your NAPIA profile says you advocate for commercial property owners after devastating property loss.","commercial owner brief?","I saw Beneke / Adjusters International is a fourth-generation public adjusting company focused on commercial property owners after major losses.",not_contacted,https://www.napia.com/find-a-public-adjuster/beneke-company-the-adjusters-international,"NAPIA profile lists phone website multi-state licenses and commercial property-loss positioning."
100,Churchill Public Adjusters,FL,https://churchillpublicadjusters.com/public-adjusters-for-flood-damage/,contact_form,https://churchillpublicadjusters.com/public-adjusters-for-flood-damage/,800-674-2892,"South Florida flood and property claims; free inspection; denied claim example","Your page offers free inspection and includes a denied-claim client example.","flood claim brief?","I saw Churchill Public Adjusters offers free inspection for flood/property claims and has a denied-claim client example.",not_contacted,https://churchillpublicadjusters.com/public-adjusters-for-flood-damage/,"Official page lists phone form free consultation and denied-claim testimonial."
101,Gavnat Oklahoma,OK,https://www.gavnat.com/location/oklahoma/,contact_form,https://www.gavnat.com/location/oklahoma/,,"Oklahoma tornado hail fire flood denied delayed and underpaid claims","Your Oklahoma page names denied delayed and underpaid tornado and hail claims.","Oklahoma hail brief?","I saw Gavnat's Oklahoma page focuses on tornado, hail, and underpaid property claims.",not_contacted,https://www.gavnat.com/location/oklahoma/,"Official Oklahoma page discusses tornado hail flood wildfire and denied/delayed/underpaid claims."
102,Prime Adjustments Oklahoma,OK,https://primeadjustments.com/oklahoma-public-adjuster/,contact_form,https://primeadjustments.com/oklahoma-public-adjuster/,877-729-6365,"Oklahoma fire hail wind water smoke business interruption and commercial roof claims","Your Oklahoma page lists fire hail wind water smoke and commercial roof hail claims.","Oklahoma wind brief?","I saw Prime Adjustments lists Oklahoma fire, hail, wind, water, and commercial roof claim reviews.",not_contacted,https://primeadjustments.com/oklahoma-public-adjuster/,"Official Oklahoma page lists phone, licensed states, and property claim categories."
103,Skyline Adjusters Oklahoma,OK,https://skylineadjusters.com/find-public-adjuster/oklahoma/,email,claims@skylineadjusters.com,+1 (800) 590-7293,"Oklahoma public adjuster page with claim-review contact route","Your Oklahoma page publishes a claim-review email and phone.","Oklahoma claim brief?","I saw Skyline has an Oklahoma public-adjuster page with claims@skylineadjusters.com for claim review.",not_contacted,https://skylineadjusters.com/find-public-adjuster/oklahoma/,"Official Oklahoma page lists claims@skylineadjusters.com and phone."
104,Palco Claims Chickasha OK,OK,https://palcoclaims.com/public-adjuster-chickasha-oklahoma/,email,claims@palcoclaims.com,(512) 553-6432,"Oklahoma wind hail tornado water fire and denied claim support","Your Chickasha page talks about wind hail tornado and denied insurance claims.","Chickasha claim brief?","I saw Palco's Chickasha page discusses wind, hail, tornado, water, fire, and denied claim support.",not_contacted,https://palcoclaims.com/public-adjuster-chickasha-oklahoma/,"Official page discusses Oklahoma storm/wind/hail/tornado claims and lists the public claims email elsewhere on site."
105,Brown-O'Haver Public Adjusters of Oklahoma,OK,https://www.napia.com/find-a-public-adjuster/brown---o%27haver-public-adjusters-of-oklahoma,contact_form,https://www.napia.com/find-a-public-adjuster/brown---o%27haver-public-adjusters-of-oklahoma,405.735.5510,"Oklahoma public adjusting firm listed by NAPIA","Your NAPIA profile lists an Oklahoma public-adjusting office in Moore.","Oklahoma claim brief?","I saw Brown-O'Haver is listed by NAPIA as an Oklahoma public-adjusting firm in Moore.",not_contacted,https://www.napia.com/find-a-public-adjuster/brown---o%27haver-public-adjusters-of-oklahoma,"NAPIA profile lists Oklahoma office address, phone, and related members."
106,Corbitt Public Adjusting Oklahoma,OK,https://corbittpublicadjusting.com/states/oklahoma,contact_form,https://corbittpublicadjusting.com/states/oklahoma,,"Oklahoma hail tornado and storm property claims","Your Oklahoma page positions around hail and tornado damage claims.","Oklahoma storm brief?","I saw Corbitt's Oklahoma page focuses on licensed public adjusting for hail and tornado damage.",not_contacted,https://corbittpublicadjusting.com/states/oklahoma,"Official Oklahoma page describes hail and tornado public-adjuster work."
107,Jansen Adjusters International Oklahoma,OK,https://www.jansenai.com/contact/office-locations/oklahoma-city-oklahoma/,contact_form,https://www.jansenai.com/contact/office-locations/oklahoma-city-oklahoma/,,"Oklahoma City and Tulsa public adjusters for complex property claims","Your Oklahoma page says you help residents and business owners navigate complex property claims.","Oklahoma City brief?","I saw Jansen's Oklahoma page discusses Oklahoma City/Tulsa public adjusting after natural and man-made disasters.",not_contacted,https://www.jansenai.com/contact/office-locations/oklahoma-city-oklahoma/,"Official Oklahoma page discusses Oklahoma residents and business owners navigating complex property claims."
108,ClaimsMate Oklahoma,OK,https://claimsmate.com/public-adjusters-in-oklahoma/,contact_form,https://claimsmate.com/public-adjusters-in-oklahoma/,,"Oklahoma tornado water damage and business interruption claim disputes","Your Oklahoma page mentions overturned denied tornado claims and business-interruption disputes.","denied tornado brief?","I saw ClaimsMate says its Oklahoma public adjusters handle denied tornado claims and business-interruption disputes.",not_contacted,https://claimsmate.com/public-adjusters-in-oklahoma/,"Official Oklahoma page discusses denied tornado claims, water damage increases, and business-interruption disputes."
